species,dropped_tips
'Acacia_clunies-rossiae','Acacia_clunies-rossiae'
'Acacia_pseudo-eburnea','Acacia_pseudo-eburnea'
'Acaena_novae-zelandiae','Acaena_novae-zelandiae'
'Alnus_ferdinandi-coburgii','Alnus_ferdinandi-coburgii'
'Anthyllis_barba-jovis','Anthyllis_barba-jovis'
'Aspalathus_sceptrum-aureum','Aspalathus_sceptrum-aureum'
'Astragalus_amnis-amissi','Astragalus_amnis-amissi'
'Astragalus_cornu-bovis','Astragalus_cornu-bovis'
'Astragalus_johannis-howellii','Astragalus_johannis-howellii'
'Astragalus_karl-heinzii','Astragalus_karl-heinzii'
'Astragalus_terrae-rubrae','Astragalus_terrae-rubrae'
'Astragalus_yoder-williamsii','Astragalus_yoder-williamsii'
'Ateleia_herbert-smithii','Ateleia_herbert-smithii'
'Bauhinia_pes-caprae','Bauhinia_pes-caprae'
'Bauhinia_rubro-villosa','Bauhinia_rubro-villosa'
'Begonia_bonus-henricus','Begonia_bonus-henricus'
'Begonia_bui-montana','Begonia_bui-montana'
'Begonia_duncan-thomasii','Begonia_duncan-thomasii'
'Begonia_meyeri-johannis','Begonia_meyeri-johannis'
'Begonia_rafael-torresii','Begonia_rafael-torresii'
'Bikinia_le-testui','Bikinia_le-testui'
'Brownea_rosa-de-monte','Brownea_rosa-de-monte'
'Caragana_camilloi-schneideri','Caragana_camilloi-schneideri'
'Cayaponia_austin-smithii','Cayaponia_austin-smithii'
'Crataegus_crus-galli','Crataegus_crus-galli'
'Crataegus_sheila-phippsiae','Crataegus_sheila-phippsiae'
'Crotalaria_chaco-serranensis','Crotalaria_chaco-serranensis'
'Crotalaria_cornu-ammonis','Crotalaria_cornu-ammonis'
'Crotalaria_novae-hollandiae','Crotalaria_novae-hollandiae'
'Dalbergia_palo-escrito','Dalbergia_palo-escrito'
'Derris_albo-rubra','Derris_albo-rubra'
'Didelotia_pauli-sitai','Didelotia_pauli-sitai'
'Ecuadendron_acosta-solisianum','Ecuadendron_acosta-solisianum'
'Erythrina_crista-galli','Erythrina_crista-galli'
'Ficus_albert-smithii','Ficus_albert-smithii'
'Ficus_burtt-davyi','Ficus_burtt-davyi'
'Ficus_donnell-smithii','Ficus_donnell-smithii'
'Ficus_scott-elliotii','Ficus_scott-elliotii'
'Hemsleya_panacis-scandens','Hemsleya_panacis-scandens'
'Humularia_meyeri-johannis','Humularia_meyeri-johannis'
'Indigofera_roseo-caerulea','Indigofera_roseo-caerulea'
'Lecointea_marcano-bertii','Lecointea_marcano-bertii'
'Luetzelburgia_andrade-limae','Luetzelburgia_andrade-limae'
'Lupinus_mariae-josephae','Lupinus_mariae-josephae'
'Lupinus_sierrae-blancae','Lupinus_sierrae-blancae'
'Maniltoa_fortuna-tironis','Maniltoa_fortuna-tironis'
'Medicago_archiducis-nicolai','Medicago_archiducis-nicolai'
'Microsechium_gonzalo-palomae','Microsechium_gonzalo-palomae'
'Millettia_lane-poolei','Millettia_lane-poolei'
'Mimosa_martin-delcampoi','Mimosa_martin-delcampoi'
'Mimosa_per-dusenii','Mimosa_per-dusenii'
'Morella_rivas-martinezii','Morella_rivas-martinezii'
'Mucuna_nova-guineensis','Mucuna_nova-guineensis'
'Onobrychis_caput-galli','Onobrychis_caput-galli'
'Oxytropis_sata-kandaonensis','Oxytropis_sata-kandaonensis'
'Paliurus_spina-christi','Paliurus_spina-christi'
'Pilea_cornuto-cucullata','Pilea_cornuto-cucullata'
'Pilea_sanctae-crucis','Pilea_sanctae-crucis'
'Pithecellobium_unguis-cati','Pithecellobium_unguis-cati'
'Polygala_sancti-georgii','Polygala_sancti-georgii'
'Polylepis_crista-galli','Polylepis_crista-galli'
'Prunus_gazelle-peninsulae','Prunus_gazelle-peninsulae'
'Quercus_cornelius-mulleri','Quercus_cornelius-mulleri'
'Quercus_gulielmi-treleasei','Quercus_gulielmi-treleasei'
'Quercus_john-tuckeri','Quercus_john-tuckeri'
'Rhamnus_ludovici-salvatoris','Rhamnus_ludovici-salvatoris'
'Rubus_flos-amygdalae','Rubus_flos-amygdalae'
'Rubus_henrici-egonis','Rubus_henrici-egonis'
'Rubus_portae-moravicae','Rubus_portae-moravicae'
'Rubus_silvae-bohemicae','Rubus_silvae-bohemicae'
'Schleinitzia_novo-guineensis','Schleinitzia_novo-guineensis'
'Senegalia_montis-usti','Senegalia_montis-usti'
'Sindoropsis_le-testui','Sindoropsis_le-testui'
'Sorbus_semi-incisa','Sorbus_semi-incisa'
'Trigonella_foenum-graecum','Trigonella_foenum-graecum'
'Vachellia_insulae-iacobi','Vachellia_insulae-iacobi'
'Vicia_pseudo-orobus','Vicia_pseudo-orobus'
'Ziziphus_spina-christi','Ziziphus_spina-christi'
Abrus_pulchellus_subsp_cantoniensis,Abrus_pulchellus_subsp_cantoniensis
Abrus_pulchellus_subsp_mollis,Abrus_pulchellus_subsp_mollis
Acacia_abbatiana,Acacia_abbatiana
Acacia_angusta,Acacia_angusta
Acacia_areolata,Acacia_areolata
Acacia_atrox,Acacia_atrox
Acacia_aureocrinita,Acacia_aureocrinita
Acacia_auricoma,Acacia_auricoma
Acacia_blaxellii,Acacia_blaxellii
Acacia_celsa,Acacia_celsa
Acacia_chalkeri,Acacia_chalkeri
Acacia_colei,Acacia_colei
Acacia_coriacea_subsp_sericophylla,Acacia_coriacea_subsp_sericophylla
Acacia_costiniana,Acacia_costiniana
Acacia_curvinervia,Acacia_curvinervia
Acacia_difformis,Acacia_difformis
Acacia_dilatata,Acacia_dilatata
Acacia_disparrima,Acacia_disparrima
Acacia_doratoxylon,Acacia_doratoxylon
Acacia_fagonioides,Acacia_fagonioides
Acacia_faucium,Acacia_faucium
Acacia_gardneri,Acacia_gardneri
Acacia_gilbertii,Acacia_gilbertii
Acacia_gordonii,Acacia_gordonii
Acacia_gracilenta,Acacia_gracilenta
Acacia_guinetii,Acacia_guinetii
Acacia_hexaneura,Acacia_hexaneura
Acacia_hopperiana,Acacia_hopperiana
Acacia_ligustrina,Acacia_ligustrina
Acacia_midgleyi,Acacia_midgleyi
Acacia_oliveri,Acacia_oliveri
Acacia_pedina,Acacia_pedina
Acacia_peregrinalis,Acacia_peregrinalis
Acacia_phlebophylla,Acacia_phlebophylla
Acacia_porcata,Acacia_porcata
Acacia_richii,Acacia_richii
Acacia_shuttleworthii,Acacia_shuttleworthii
Acacia_sphacellata,Acacia_sphacellata
Acacia_steedmani,Acacia_steedmani
Acacia_verricula,Acacia_verricula
Acaena_caesiglauca,Acaena_caesiglauca
Acaena_digitata,Acaena_digitata
Acaena_masafuerana,Acaena_masafuerana
Acanthosicyos_naudinianus,Acanthosicyos_naudinianus
Achudemia_japonica,Achudemia_japonica
Adenanthera_intermedia,Adenanthera_intermedia
Adenanthera_microsperma,Adenanthera_microsperma
Adenanthera_pavonina,Adenanthera_pavonina
Adenocarpus_anagyrifolius_2,Adenocarpus_anagyrifolius_2
Adenocarpus_commutatus,Adenocarpus_commutatus
Adenocarpus_complicatus_subsp_brutius,Adenocarpus_complicatus_subsp_brutius
Adenocarpus_complicatus_subsp_complicatus,Adenocarpus_complicatus_subsp_complicatus
Adenocarpus_complicatus_subsp_samniticus,Adenocarpus_complicatus_subsp_samniticus
Adenocarpus_hispanicus_subsp_hispanicus,Adenocarpus_hispanicus_subsp_hispanicus
Adenocarpus_nainii,Adenocarpus_nainii
Aeschynomene_nilotica_2,Aeschynomene_nilotica_2
Aeschynomene_rhodesica,Aeschynomene_rhodesica
Afroamphica_africana,Afroamphica_africana
Afrocalliandra_gilbertii,Afrocalliandra_gilbertii
Afrocalliandra_redacta,Afrocalliandra_redacta
Afzelia_martabanica,Afzelia_martabanica
Aganope_dinghuensis,Aganope_dinghuensis
Akschindlium_godefroyanum,Akschindlium_godefroyanum
Alantsilodendron_alluaudianum,Alantsilodendron_alluaudianum
Alantsilodendron_humbertii,Alantsilodendron_humbertii
Alantsilodendron_mahafalense,Alantsilodendron_mahafalense
Alantsilodendron_pilosum,Alantsilodendron_pilosum
Alantsilodendron_ramosum,Alantsilodendron_ramosum
Alantsilodendron_villosum,Alantsilodendron_villosum
Albizia_coriaria,Albizia_coriaria
Alchemilla_aenostipula,Alchemilla_aenostipula
Alchemilla_cartalinica,Alchemilla_cartalinica
Alchemilla_catochnoa,Alchemilla_catochnoa
Alchemilla_debilis,Alchemilla_debilis
Alchemilla_diversipes,Alchemilla_diversipes
Alchemilla_dombaica,Alchemilla_dombaica
Alchemilla_dzhavakhetica,Alchemilla_dzhavakhetica
Alchemilla_elgonensis,Alchemilla_elgonensis
Alchemilla_epipsila,Alchemilla_epipsila
Alchemilla_erectilis,Alchemilla_erectilis
Alchemilla_flavescens,Alchemilla_flavescens
Alchemilla_fokinii,Alchemilla_fokinii
Alchemilla_frigida,Alchemilla_frigida
Alchemilla_granvikii,Alchemilla_granvikii
Alchemilla_grossheimii,Alchemilla_grossheimii
Alchemilla_haumanii,Alchemilla_haumanii
Alchemilla_hemicycla,Alchemilla_hemicycla
Alchemilla_hirsutopetiolata,Alchemilla_hirsutopetiolata
Alchemilla_hirtipedicellata,Alchemilla_hirtipedicellata
Alchemilla_hybrida,Alchemilla_hybrida
Alchemilla_imberbis,Alchemilla_imberbis
Alchemilla_kozlovskii,Alchemilla_kozlovskii
Alchemilla_laeta,Alchemilla_laeta
Alchemilla_orbiculata,Alchemilla_orbiculata
Alchemilla_pseudocartalinica,Alchemilla_pseudocartalinica
Alchemilla_retinervis,Alchemilla_retinervis
Alchemilla_rupestris,Alchemilla_rupestris
Alchemilla_sedelmeyeriana,Alchemilla_sedelmeyeriana
Alchemilla_sevangensis,Alchemilla_sevangensis
Alchemilla_subcrispata,Alchemilla_subcrispata
Alchemilla_transiens,Alchemilla_transiens
Alnus_acuminata_subsp_arguta,Alnus_acuminata_subsp_arguta
Alnus_alnobetula_subsp_alnobetula,Alnus_alnobetula_subsp_alnobetula
Alnus_alnobetula_subsp_crispa,Alnus_alnobetula_subsp_crispa
Alnus_alnobetula_subsp_sinuata,Alnus_alnobetula_subsp_sinuata
Alnus_alnobetula_subsp_suaveolens,Alnus_alnobetula_subsp_suaveolens
Alnus_glutinosa_subsp_barbata,Alnus_glutinosa_subsp_barbata
Alnus_glutinosa_subsp_betuloides,Alnus_glutinosa_subsp_betuloides
Alnus_glutinosa_subsp_glutinosa,Alnus_glutinosa_subsp_glutinosa
Alnus_incana_subsp_incana,Alnus_incana_subsp_incana
Alnus_incana_subsp_rugosa,Alnus_incana_subsp_rugosa
Alnus_incana_subsp_tenuifolia,Alnus_incana_subsp_tenuifolia
Alnus_jorullensis_subsp_jorullensis,Alnus_jorullensis_subsp_jorullensis
Alnus_maritima_subsp_maritima,Alnus_maritima_subsp_maritima
Alnus_maritima_subsp_oklahomensis,Alnus_maritima_subsp_oklahomensis
Alphitonia_marquesensis,Alphitonia_marquesensis
Alysicarpus_naikianus,Alysicarpus_naikianus
Amelanchier_lamarckii,Amelanchier_lamarckii
Amelanchier_parviflora,Amelanchier_parviflora
Ammothamnus_songoricus,Ammothamnus_songoricus
Ampelosycios_bosseri,Ampelosycios_bosseri
Ampelosycios_humblotii,Ampelosycios_humblotii
Anarthrophyllum_ornithopodum,Anarthrophyllum_ornithopodum
Andira_inermis_subsp_inermis,Andira_inermis_subsp_inermis
Anisophyllea_meniaudi,Anisophyllea_meniaudi
Annamocarya_sinensis,Annamocarya_sinensis
Anthyllis_lagascana,Anthyllis_lagascana
Anthyllis_montana_subsp_jacquinii,Anthyllis_montana_subsp_jacquinii
Anthyllis_onobrychoides,Anthyllis_onobrychoides
Anthyllis_ramburei,Anthyllis_ramburei
Anthyllis_splendens,Anthyllis_splendens
Antiaris_toxicaria_subsp_madagascariensis,Antiaris_toxicaria_subsp_madagascariensis
Aphanes_occidentalis,Aphanes_occidentalis
Aphanocalyx_microphyllus_subsp_compactus,Aphanocalyx_microphyllus_subsp_compactus
Aphanocalyx_microphyllus_subsp_microphyllus,Aphanocalyx_microphyllus_subsp_microphyllus
Apios_chendezhaoana,Apios_chendezhaoana
Apoplanesia_cryptopetala,Apoplanesia_cryptopetala
Arachis_paraguariensis_subsp_capibarensis,Arachis_paraguariensis_subsp_capibarensis
Arachis_paraguariensis_subsp_paraguariensis,Arachis_paraguariensis_subsp_paraguariensis
Arachis_schinini,Arachis_schinini
Archidendron_kuenstleri,Archidendron_kuenstleri
Arcoa_gonavensis,Arcoa_gonavensis
Arquita_celendiniana,Arquita_celendiniana
Arquita_trichocarpa,Arquita_trichocarpa
Arthroclianthus_andersonii,Arthroclianthus_andersonii
Arthroclianthus_balansae,Arthroclianthus_balansae
Arthroclianthus_cuneatus,Arthroclianthus_cuneatus
Arthroclianthus_deplanchei,Arthroclianthus_deplanchei
Arthroclianthus_leratii,Arthroclianthus_leratii
Arthroclianthus_macrobotryosus,Arthroclianthus_macrobotryosus
Arthroclianthus_maximus,Arthroclianthus_maximus
Arthroclianthus_obovatus,Arthroclianthus_obovatus
Arthroclianthus_sanguineus,Arthroclianthus_sanguineus
Artocarpus_anisophyllus_subsp_anisophyllus,Artocarpus_anisophyllus_subsp_anisophyllus
Artocarpus_nanchuanensis,Artocarpus_nanchuanensis
Artocarpus_nitidus_subsp_borneensis,Artocarpus_nitidus_subsp_borneensis
Artocarpus_nitidus_subsp_griffithii,Artocarpus_nitidus_subsp_griffithii
Artocarpus_nitidus_subsp_humilis,Artocarpus_nitidus_subsp_humilis
Artocarpus_nitidus_subsp_lingnanensis,Artocarpus_nitidus_subsp_lingnanensis
Artocarpus_primackii,Artocarpus_primackii
Aruncus_aethusifolius,Aruncus_aethusifolius
Asemeia_monninoides,Asemeia_monninoides
Asemeia_violacea,Asemeia_violacea
Aspalathus_aemula,Aspalathus_aemula
Aspalathus_arida_subsp_procumbens,Aspalathus_arida_subsp_procumbens
Aspalathus_cephalotes_subsp_violacea,Aspalathus_cephalotes_subsp_violacea
Aspalathus_cliffortioides,Aspalathus_cliffortioides
Aspalathus_hirta_subsp_hirta,Aspalathus_hirta_subsp_hirta
Aspalathus_neglecta,Aspalathus_neglecta
Aspalathus_opaca_subsp_opaca,Aspalathus_opaca_subsp_opaca
Aspalathus_perfoliata_subsp_phillipsii,Aspalathus_perfoliata_subsp_phillipsii
Aspalathus_polycephala_subsp_rigida,Aspalathus_polycephala_subsp_rigida
Aspalathus_quinquefolia_subsp_quinquefolia,Aspalathus_quinquefolia_subsp_quinquefolia
Aspalathus_retroflexa_subsp_bicolor,Aspalathus_retroflexa_subsp_bicolor
Aspalathus_retroflexa_subsp_retroflexa,Aspalathus_retroflexa_subsp_retroflexa
Aspalathus_spinescens_subsp_lepida,Aspalathus_spinescens_subsp_lepida
Aspalathus_spinosa_subsp_spinosa,Aspalathus_spinosa_subsp_spinosa
Aspalathus_subtingens,Aspalathus_subtingens
Astracantha_diphtherites,Astracantha_diphtherites
Astragalus_acantherioceras,Astragalus_acantherioceras
Astragalus_acanthochristianopsis,Astragalus_acanthochristianopsis
Astragalus_afghanomontanus,Astragalus_afghanomontanus
Astragalus_akhundzadahensis,Astragalus_akhundzadahensis
Astragalus_alaschanus,Astragalus_alaschanus
Astragalus_alitschuri,Astragalus_alitschuri
Astragalus_alvordensis,Astragalus_alvordensis
Astragalus_amygdalinus,Astragalus_amygdalinus
Astragalus_anguranensis,Astragalus_anguranensis
Astragalus_angustissimus,Astragalus_angustissimus
Astragalus_ansinii,Astragalus_ansinii
Astragalus_antalyensis,Astragalus_antalyensis
Astragalus_austromahneshanensis,Astragalus_austromahneshanensis
Astragalus_babatagii,Astragalus_babatagii
Astragalus_bachmarensis,Astragalus_bachmarensis
Astragalus_baghlanensis,Astragalus_baghlanensis
Astragalus_bakaliensis,Astragalus_bakaliensis
Astragalus_baldshuanicus,Astragalus_baldshuanicus
Astragalus_baranovii,Astragalus_baranovii
Astragalus_bashmaghensis,Astragalus_bashmaghensis
Astragalus_baxoiensis,Astragalus_baxoiensis
Astragalus_bifoliolatus,Astragalus_bifoliolatus
Astragalus_botryophorus,Astragalus_botryophorus
Astragalus_brevicalycinus,Astragalus_brevicalycinus
Astragalus_bucharicus,Astragalus_bucharicus
Astragalus_caprinus_subsp_caprinus,Astragalus_caprinus_subsp_caprinus
Astragalus_chartostegius,Astragalus_chartostegius
Astragalus_chrysomallus,Astragalus_chrysomallus
Astragalus_ciloensis,Astragalus_ciloensis
Astragalus_cognatus,Astragalus_cognatus
Astragalus_confertiformis,Astragalus_confertiformis
Astragalus_confiniorum,Astragalus_confiniorum
Astragalus_coronilla,Astragalus_coronilla
Astragalus_dactylocarpus_subsp_dactylocarpus,Astragalus_dactylocarpus_subsp_dactylocarpus
Astragalus_daenensis,Astragalus_daenensis
Astragalus_deickianus,Astragalus_deickianus
Astragalus_delutulus,Astragalus_delutulus
Astragalus_dendroproselius,Astragalus_dendroproselius
Astragalus_distentus,Astragalus_distentus
Astragalus_doghrunensis,Astragalus_doghrunensis
Astragalus_eburneus,Astragalus_eburneus
Astragalus_echanensis,Astragalus_echanensis
Astragalus_edmondstonei,Astragalus_edmondstonei
Astragalus_ehrenbergii,Astragalus_ehrenbergii
Astragalus_endopterus,Astragalus_endopterus
Astragalus_eremophilus_subsp_eremophilus,Astragalus_eremophilus_subsp_eremophilus
Astragalus_eriosphaerus,Astragalus_eriosphaerus
Astragalus_facetus,Astragalus_facetus
Astragalus_farctissimus,Astragalus_farctissimus
Astragalus_farsicus,Astragalus_farsicus
Astragalus_ferruminatus,Astragalus_ferruminatus
Astragalus_flexilipes,Astragalus_flexilipes
Astragalus_georgii,Astragalus_georgii
Astragalus_gevashensis,Astragalus_gevashensis
Astragalus_glabrescens,Astragalus_glabrescens
Astragalus_glycyphyllos_subs._glycyphyllos,Astragalus_glycyphyllos_subs._glycyphyllos
Astragalus_gypsocola,Astragalus_gypsocola
Astragalus_hemsleyi,Astragalus_hemsleyi
Astragalus_heptapotamicus,Astragalus_heptapotamicus
Astragalus_heterodoxus,Astragalus_heterodoxus
Astragalus_hoantchy,Astragalus_hoantchy
Astragalus_ibicinus,Astragalus_ibicinus
Astragalus_indurescens,Astragalus_indurescens
Astragalus_ischredensis,Astragalus_ischredensis
Astragalus_iskanderi,Astragalus_iskanderi
Astragalus_juladakensis,Astragalus_juladakensis
Astragalus_kadshorensis,Astragalus_kadshorensis
Astragalus_kasachstanicus,Astragalus_kasachstanicus
Astragalus_kaschkadarjensis,Astragalus_kaschkadarjensis
Astragalus_kashmarensis,Astragalus_kashmarensis
Astragalus_kelifi,Astragalus_kelifi
Astragalus_keredjensis,Astragalus_keredjensis
Astragalus_knightii,Astragalus_knightii
Astragalus_koelzii,Astragalus_koelzii
Astragalus_krauseanus,Astragalus_krauseanus
Astragalus_kulabensis,Astragalus_kulabensis
Astragalus_kurdaicus,Astragalus_kurdaicus
Astragalus_kuschakewiczii,Astragalus_kuschakewiczii
Astragalus_lasiostylus,Astragalus_lasiostylus
Astragalus_limariensis,Astragalus_limariensis
Astragalus_litwinowii,Astragalus_litwinowii
Astragalus_longipetiolatus,Astragalus_longipetiolatus
Astragalus_lumsdenianus,Astragalus_lumsdenianus
Astragalus_macrocephalus_subsp_macrocephalus,Astragalus_macrocephalus_subsp_macrocephalus
Astragalus_macrocladus,Astragalus_macrocladus
Astragalus_macropelmatus_subsp_macropelmatus,Astragalus_macropelmatus_subsp_macropelmatus
Astragalus_makuensis,Astragalus_makuensis
Astragalus_masanderanus,Astragalus_masanderanus
Astragalus_maverranagri,Astragalus_maverranagri
Astragalus_meanus,Astragalus_meanus
Astragalus_meschhedensis,Astragalus_meschhedensis
Astragalus_meyeri,Astragalus_meyeri
Astragalus_microcalycinus,Astragalus_microcalycinus
Astragalus_migpo,Astragalus_migpo
Astragalus_minutidentatus,Astragalus_minutidentatus
Astragalus_monophyllus,Astragalus_monophyllus
Astragalus_mozaffarianii,Astragalus_mozaffarianii
Astragalus_mugosaricus,Astragalus_mugosaricus
Astragalus_multifoliolatus,Astragalus_multifoliolatus
Astragalus_muschketovii,Astragalus_muschketovii
Astragalus_namanganicus,Astragalus_namanganicus
Astragalus_neoassadianus,Astragalus_neoassadianus
Astragalus_neomonadelphus,Astragalus_neomonadelphus
Astragalus_neurophyllus,Astragalus_neurophyllus
Astragalus_nicolai,Astragalus_nicolai
Astragalus_nigricans,Astragalus_nigricans
Astragalus_nubicola,Astragalus_nubicola
Astragalus_nummularius_subsp_trichopterus,Astragalus_nummularius_subsp_trichopterus
Astragalus_oldenburgii,Astragalus_oldenburgii
Astragalus_orbiculatus,Astragalus_orbiculatus
Astragalus_ovalis,Astragalus_ovalis
Astragalus_oviger,Astragalus_oviger
Astragalus_pachyrachis,Astragalus_pachyrachis
Astragalus_pakravaniae,Astragalus_pakravaniae
Astragalus_pauxillis,Astragalus_pauxillis
Astragalus_pavlovii,Astragalus_pavlovii
Astragalus_pediculariformis,Astragalus_pediculariformis
Astragalus_pelecinus_subsp_leiocarpus,Astragalus_pelecinus_subsp_leiocarpus
Astragalus_peregrinus_subsp_peregrinus,Astragalus_peregrinus_subsp_peregrinus
Astragalus_peregrinus_subsp_warionis,Astragalus_peregrinus_subsp_warionis
Astragalus_petropylensis,Astragalus_petropylensis
Astragalus_phlomoides,Astragalus_phlomoides
Astragalus_podoloboides,Astragalus_podoloboides
Astragalus_praeteritus,Astragalus_praeteritus
Astragalus_proimanthus,Astragalus_proimanthus
Astragalus_prosgaeus,Astragalus_prosgaeus
Astragalus_pseudorhacodes,Astragalus_pseudorhacodes
Astragalus_pterocephalus,Astragalus_pterocephalus
Astragalus_qeydarnabiensis,Astragalus_qeydarnabiensis
Astragalus_qorvehensis,Astragalus_qorvehensis
Astragalus_quisqualis,Astragalus_quisqualis
Astragalus_raphaelis,Astragalus_raphaelis
Astragalus_remotiflorus_subsp_melanogramma,Astragalus_remotiflorus_subsp_melanogramma
Astragalus_remotiflorus_subsp_nigrohirsutus,Astragalus_remotiflorus_subsp_nigrohirsutus
Astragalus_remotispicatus,Astragalus_remotispicatus
Astragalus_romasanus,Astragalus_romasanus
Astragalus_rubrifolius,Astragalus_rubrifolius
Astragalus_rubtzovii,Astragalus_rubtzovii
Astragalus_sanctorum,Astragalus_sanctorum
Astragalus_schachdarinus,Astragalus_schachdarinus
Astragalus_sclerocladus,Astragalus_sclerocladus
Astragalus_semenovii,Astragalus_semenovii
Astragalus_sewertzovii,Astragalus_sewertzovii
Astragalus_sikokianus,Astragalus_sikokianus
Astragalus_simakanensis,Astragalus_simakanensis
Astragalus_sosnowskyi,Astragalus_sosnowskyi
Astragalus_spachianus,Astragalus_spachianus
Astragalus_stevenianus_subsp_glochideus,Astragalus_stevenianus_subsp_glochideus
Astragalus_strictifolius,Astragalus_strictifolius
Astragalus_suberosus_subsp_suberosus,Astragalus_suberosus_subsp_suberosus
Astragalus_subkohrudicus,Astragalus_subkohrudicus
Astragalus_sympileicalycinus,Astragalus_sympileicalycinus
Astragalus_tabrizianus,Astragalus_tabrizianus
Astragalus_tawilicus,Astragalus_tawilicus
Astragalus_tephrolobus,Astragalus_tephrolobus
Astragalus_touranicus,Astragalus_touranicus
Astragalus_trachycarpus,Astragalus_trachycarpus
Astragalus_transoxanus,Astragalus_transoxanus
Astragalus_tricholobus_subsp_tricholobus,Astragalus_tricholobus_subsp_tricholobus
Astragalus_tugarinovi,Astragalus_tugarinovi
Astragalus_turkmenensis,Astragalus_turkmenensis
Astragalus_turkmenorum,Astragalus_turkmenorum
Astragalus_vagus,Astragalus_vagus
Astragalus_veiskaramii,Astragalus_veiskaramii
Astragalus_velenovskyi,Astragalus_velenovskyi
Astragalus_versicolor,Astragalus_versicolor
Astragalus_vesicarius_subsp_albidus,Astragalus_vesicarius_subsp_albidus
Astragalus_vesicarius_subsp_carniolicus,Astragalus_vesicarius_subsp_carniolicus
Astragalus_vesicarius_subsp_pastellianus,Astragalus_vesicarius_subsp_pastellianus
Astragalus_viridiflorus,Astragalus_viridiflorus
Astragalus_xiphidioides,Astragalus_xiphidioides
Astragalus_yazdii,Astragalus_yazdii
Astragalus_yilmazii,Astragalus_yilmazii
Astragalus_zachlensis,Astragalus_zachlensis
Astragalus_zoshkensis,Astragalus_zoshkensis
Ateleia_truncata,Ateleia_truncata
Auerodendron_acunae,Auerodendron_acunae
Auerodendron_cubense,Auerodendron_cubense
Australina_acuminata,Australina_acuminata
Australina_caffra,Australina_caffra
Australina_lanceolata,Australina_lanceolata
Baphia_massaiensis_subsp_massaiensis,Baphia_massaiensis_subsp_massaiensis
Baphia_punctulata_subsp_descampsii,Baphia_punctulata_subsp_descampsii
Baphia_sp,Baphia_sp
Baptisia_bushii,Baptisia_bushii
Bauhinia_glauca_subsp_glauca,Bauhinia_glauca_subsp_glauca
Bauhinia_longistipes,Bauhinia_longistipes
Bauhinia_unifolia,Bauhinia_unifolia
Begonia_aceroides,Begonia_aceroides
Begonia_alba,Begonia_alba
Begonia_albopicta,Begonia_albopicta
Begonia_alpina,Begonia_alpina
Begonia_amphioxus,Begonia_amphioxus
Begonia_arboreta,Begonia_arboreta
Begonia_auritistipula,Begonia_auritistipula
Begonia_beddomei,Begonia_beddomei
Begonia_brevipes,Begonia_brevipes
Begonia_calcicola,Begonia_calcicola
Begonia_castilloi,Begonia_castilloi
Begonia_chlorosticta,Begonia_chlorosticta
Begonia_cowellii,Begonia_cowellii
Begonia_crassicaulis,Begonia_crassicaulis
Begonia_crassirostris,Begonia_crassirostris
Begonia_crispipila,Begonia_crispipila
Begonia_crystallina,Begonia_crystallina
Begonia_dipetala,Begonia_dipetala
Begonia_dolichotricha,Begonia_dolichotricha
Begonia_emeiensis,Begonia_emeiensis
Begonia_erythrogyna,Begonia_erythrogyna
Begonia_exilis,Begonia_exilis
Begonia_fallax,Begonia_fallax
Begonia_flagellaris,Begonia_flagellaris
Begonia_forbesii,Begonia_forbesii
Begonia_goegoensis,Begonia_goegoensis
Begonia_gracilipes,Begonia_gracilipes
Begonia_grandis_subsp_evansiana,Begonia_grandis_subsp_evansiana
Begonia_grandis_subsp_holostyla,Begonia_grandis_subsp_holostyla
Begonia_hernandioides,Begonia_hernandioides
Begonia_horticola,Begonia_horticola
Begonia_huangii,Begonia_huangii
Begonia_hybrid_cultivar,Begonia_hybrid_cultivar
Begonia_incarnata,Begonia_incarnata
Begonia_iridescens,Begonia_iridescens
Begonia_josephii,Begonia_josephii
Begonia_klemmei,Begonia_klemmei
Begonia_krystofii,Begonia_krystofii
Begonia_lambii,Begonia_lambii
Begonia_latistipula,Begonia_latistipula
Begonia_listada,Begonia_listada
Begonia_lobata,Begonia_lobata
Begonia_longipetiolata,Begonia_longipetiolata
Begonia_loranthoides_subsp_rhopalocarpa,Begonia_loranthoides_subsp_rhopalocarpa
Begonia_luzonensis,Begonia_luzonensis
Begonia_macdougallii,Begonia_macdougallii
Begonia_membranacea,Begonia_membranacea
Begonia_muricata,Begonia_muricata
Begonia_namkadingensis,Begonia_namkadingensis
Begonia_nelumbifolia,Begonia_nelumbifolia
Begonia_notata,Begonia_notata
Begonia_obtusifolia,Begonia_obtusifolia
Begonia_odorata,Begonia_odorata
Begonia_olbia,Begonia_olbia
Begonia_panayensis,Begonia_panayensis
Begonia_platycarpa,Begonia_platycarpa
Begonia_platyptera,Begonia_platyptera
Begonia_polygonoides,Begonia_polygonoides
Begonia_pulchrifolia,Begonia_pulchrifolia
Begonia_pulvinifera,Begonia_pulvinifera
Begonia_puttii,Begonia_puttii
Begonia_rabilii,Begonia_rabilii
Begonia_rajah,Begonia_rajah
Begonia_rhombicarpa,Begonia_rhombicarpa
Begonia_rigida,Begonia_rigida
Begonia_rotundifolia,Begonia_rotundifolia
Begonia_samhaensis,Begonia_samhaensis
Begonia_sandtii,Begonia_sandtii
Begonia_sanguinea,Begonia_sanguinea
Begonia_semiparietalis,Begonia_semiparietalis
Begonia_silletensis_subsp_mengyangensis,Begonia_silletensis_subsp_mengyangensis
Begonia_stipulacea,Begonia_stipulacea
Begonia_tandangii,Begonia_tandangii
Begonia_tayabensis,Begonia_tayabensis
Begonia_tigrina,Begonia_tigrina
Begonia_venosa,Begonia_venosa
Begonia_vuijckii,Begonia_vuijckii
Benincasa_fistulosa,Benincasa_fistulosa
Berchemia_formosana,Berchemia_formosana
Betula_austrosinensis,Betula_austrosinensis
Betula_hainanensis,Betula_hainanensis
Betula_halophila,Betula_halophila
Betula_middendorffii,Betula_middendorffii
Biancaea_decapetala,Biancaea_decapetala
Biancaea_oppositifolia,Biancaea_oppositifolia
Biancaea_parviflora,Biancaea_parviflora
Biancaea_sappan,Biancaea_sappan
Bikinia_letestui,Bikinia_letestui
Bikinia_letestui_subsp_letestui,Bikinia_letestui_subsp_letestui
Biswarea_tonglensis,Biswarea_tonglensis
Blanchetiodendron_blanchetii,Blanchetiodendron_blanchetii
Blastania_cerasiformis,Blastania_cerasiformis
Boehmeria_boninensis,Boehmeria_boninensis
Boehmeria_grandissima,Boehmeria_grandissima
Boehmeria_jamaicensis,Boehmeria_jamaicensis
Boehmeria_longispica,Boehmeria_longispica
Boehmeria_pseudotricuspis,Boehmeria_pseudotricuspis
Bolusia_acuminata,Bolusia_acuminata
Bosqueiopsis_carvalhoana,Bosqueiopsis_carvalhoana
Bossiaea_aquifolium_subsp_laidlawiana,Bossiaea_aquifolium_subsp_laidlawiana
Bossiaea_spinescens,Bossiaea_spinescens
Broussonetia_monoica,Broussonetia_monoica
Brya_hirsuta,Brya_hirsuta
Bryaspis_humularioides,Bryaspis_humularioides
Bryonia_acuta,Bryonia_acuta
Bryonia_marmorata,Bryonia_marmorata
Bryonia_melanocarpa,Bryonia_melanocarpa
Bussea_gossweileri,Bussea_gossweileri
Bussea_massaiensis,Bussea_massaiensis
Bussea_occidentalis,Bussea_occidentalis
Bussea_perrieri,Bussea_perrieri
Bussea_xylocarpa,Bussea_xylocarpa
Butea_minor,Butea_minor
Caamembeca_amazonensis,Caamembeca_amazonensis
Caamembeca_autranii,Caamembeca_autranii
Caamembeca_formosa,Caamembeca_formosa
Caamembeca_grandifolia,Caamembeca_grandifolia
Caamembeca_oleifolia,Caamembeca_oleifolia
Caamembeca_oxyphylla,Caamembeca_oxyphylla
Caamembeca_spectabilis,Caamembeca_spectabilis
Caamembeca_ulei,Caamembeca_ulei
Caesalpinia_murifructa,Caesalpinia_murifructa
Cajanus_crassus_2,Cajanus_crassus_2
Callerya_oosperma,Callerya_oosperma
Calliandropsis_nervosus,Calliandropsis_nervosus
Calobota_elongata,Calobota_elongata
Calophaca_grandiflora,Calophaca_grandiflora
Campsiandra_robclarckiana,Campsiandra_robclarckiana
Campylotropis_griffithii,Campylotropis_griffithii
Campylotropis_sargentiana,Campylotropis_sargentiana
Canavalia_gladiolata,Canavalia_gladiolata
Canavalia_plagiosperma,Canavalia_plagiosperma
Canavalia_vitiensis,Canavalia_vitiensis
Canavalia_wurdackii,Canavalia_wurdackii
Cannabis_sativa_subsp_indica,Cannabis_sativa_subsp_indica
Caragana_decorticans,Caragana_decorticans
Caragana_franchetiana_var_crassispina,Caragana_franchetiana_var_crassispina
Caragana_gobica,Caragana_gobica
Caragana_kirghisorum,Caragana_kirghisorum
Caragana_polourensis,Caragana_polourensis
Caragana_potaninii,Caragana_potaninii
Caragana_qingheensis,Caragana_qingheensis
Caragana_turkestanica,Caragana_turkestanica
Cardiogyne_africana,Cardiogyne_africana
Carmichaelia_juncea,Carmichaelia_juncea
Carpinus_caroliniana_subsp_virginiana,Carpinus_caroliniana_subsp_virginiana
Carpinus_coreana,Carpinus_coreana
Carpinus_hupeana,Carpinus_hupeana
Carpinus_langaoensis,Carpinus_langaoensis
Carpinus_orientalis_subsp_orientalis,Carpinus_orientalis_subsp_orientalis
Carpolobia_conradsiana,Carpolobia_conradsiana
Cascaronia_astragalina,Cascaronia_astragalina
Castanopsis_longzhouica,Castanopsis_longzhouica
Casuarina_equisetifolia_subsp_equisetifolia,Casuarina_equisetifolia_subsp_equisetifolia
Cayaponia_laciniosa,Cayaponia_laciniosa
Cayaponia_prunifera,Cayaponia_prunifera
Ceanothus_divergens_subsp_confusus,Ceanothus_divergens_subsp_confusus
Ceanothus_divergens_subsp_occidentalis,Ceanothus_divergens_subsp_occidentalis
Celtis_australis_subsp_australis,Celtis_australis_subsp_australis
Celtis_fluminensis,Celtis_fluminensis
Celtis_formosana,Celtis_formosana
Celtis_kunmingensis,Celtis_kunmingensis
Cercis_gigantea,Cercis_gigantea
Cercocarpus_douglasii,Cercocarpus_douglasii
Chaetachme_microcarpa,Chaetachme_microcarpa
Chalema_synanthera,Chalema_synanthera
Chamaecallis_perpusilloides,Chamaecallis_perpusilloides
Chamaecrista_gononclada,Chamaecrista_gononclada
Chamaecrista_kleinii,Chamaecrista_kleinii
Chamaecrista_nictitans_subsp_brachypoda,Chamaecrista_nictitans_subsp_brachypoda
Chamaecrista_wallichiana,Chamaecrista_wallichiana
Chamaecytisus_prolifer_subsp_angustifolius,Chamaecytisus_prolifer_subsp_angustifolius
Chamaemespilus_alpina,Chamaemespilus_alpina
Chamaerhodos_mongholica,Chamaerhodos_mongholica
Chaydaia_rubrinervis,Chaydaia_rubrinervis
Chesneya_borissovae,Chesneya_borissovae
Chesneya_botschantzevii,Chesneya_botschantzevii
Chesneya_dshungarica,Chesneya_dshungarica
Chesneya_elegans,Chesneya_elegans
Chesneya_kopetdaghensis,Chesneya_kopetdaghensis
Chesneya_kschtutica,Chesneya_kschtutica
Chesneya_linczevskyi,Chesneya_linczevskyi
Chesneya_neplii,Chesneya_neplii
Chesneya_tadzhikistana,Chesneya_tadzhikistana
Chesneya_tribuloides,Chesneya_tribuloides
Chesneya_villosa,Chesneya_villosa
Christia_convallaria,Christia_convallaria
Cicer_pungens_2,Cicer_pungens_2
Cicer_tragacanthoides_2,Cicer_tragacanthoides_2
Citrullus_amarus,Citrullus_amarus
Citrullus_caffer,Citrullus_caffer
Citrullus_mucosospermus,Citrullus_mucosospermus
Citrullus_naudinianus,Citrullus_naudinianus
Cliffortia_acanthophylla,Cliffortia_acanthophylla
Cliffortia_nitidula_subsp_pilosa,Cliffortia_nitidula_subsp_pilosa
Coccinia_grandiflora,Coccinia_grandiflora
Coelidium_fourcadei,Coelidium_fourcadei
Colubrina_javanica,Colubrina_javanica
Coluria_elegans,Coluria_elegans
Colutea_gifana,Colutea_gifana
Colutea_komarovii,Colutea_komarovii
Colvillea_racemosa,Colvillea_racemosa
Comesperma_esulifolium,Comesperma_esulifolium
Comesperma_hispidulum,Comesperma_hispidulum
Cordeauxia_edulis,Cordeauxia_edulis
Coriaria_microphylla,Coriaria_microphylla
Corylus_maxima,Corylus_maxima
Cotoneaster_armenus,Cotoneaster_armenus
Cotoneaster_assamensis,Cotoneaster_assamensis
Cotoneaster_atropurpureus,Cotoneaster_atropurpureus
Cotoneaster_buxifolius,Cotoneaster_buxifolius
Cotoneaster_giraldii,Cotoneaster_giraldii
Cotoneaster_hjelmqvistii,Cotoneaster_hjelmqvistii
Cotoneaster_monopyrenus,Cotoneaster_monopyrenus
Cotoneaster_perpusillus,Cotoneaster_perpusillus
Cotoneaster_poluninii,Cotoneaster_poluninii
Cotoneaster_przewalskii,Cotoneaster_przewalskii
Cotoneaster_qungbixiensis,Cotoneaster_qungbixiensis
Cotoneaster_silvestrii,Cotoneaster_silvestrii
Cotoneaster_soongoricus,Cotoneaster_soongoricus
Cotoneaster_symondsii,Cotoneaster_symondsii
Coulteria_cubensis,Coulteria_cubensis
Coulteria_mollis,Coulteria_mollis
Coulteria_platyloba,Coulteria_platyloba
Coulteria_pumila,Coulteria_pumila
Coulteria_velutina,Coulteria_velutina
Crataegus_albanica,Crataegus_albanica
Crataegus_atrofusca,Crataegus_atrofusca
Crataegus_babakhanloui,Crataegus_babakhanloui
Crataegus_bona,Crataegus_bona
Crataegus_brazoria,Crataegus_brazoria
Crataegus_canadensis,Crataegus_canadensis
Crataegus_grignonensis,Crataegus_grignonensis
Crataegus_hissarica,Crataegus_hissarica
Crataegus_integriloba,Crataegus_integriloba
Crataegus_kyrtostyla,Crataegus_kyrtostyla
Crataegus_lumaria,Crataegus_lumaria
Crataegus_nitidula,Crataegus_nitidula
Crataegus_perjucunda,Crataegus_perjucunda
Crataegus_porrecta,Crataegus_porrecta
Crataegus_pseudoheterophylla,Crataegus_pseudoheterophylla
Crataegus_pubescens,Crataegus_pubescens
Crataegus_russanovii,Crataegus_russanovii
Crataegus_stenosepala,Crataegus_stenosepala
Crataegus_stolonifera,Crataegus_stolonifera
Crataegus_suksdorfii,Crataegus_suksdorfii
Crataegus_uvaldensis,Crataegus_uvaldensis
Crataegus_vulsa,Crataegus_vulsa
Crataegus_warneri,Crataegus_warneri
Crataegus_williamsii,Crataegus_williamsii
Cremastopus_minimus,Cremastopus_minimus
Crotalaria_agatiflora_subsp_imperialis,Crotalaria_agatiflora_subsp_imperialis
Crotalaria_barbata,Crotalaria_barbata
Crotalaria_benadirensis,Crotalaria_benadirensis
Crotalaria_bhutanica,Crotalaria_bhutanica
Crotalaria_brevicornuta,Crotalaria_brevicornuta
Crotalaria_carsonii,Crotalaria_carsonii
Crotalaria_colorata_subsp_erecta,Crotalaria_colorata_subsp_erecta
Crotalaria_havanensis,Crotalaria_havanensis
Crotalaria_incana_subsp_purpurascens,Crotalaria_incana_subsp_purpurascens
Crotalaria_laburnifolia_subsp_australis,Crotalaria_laburnifolia_subsp_australis
Crotalaria_laburnifolia_subsp_laburnifolia,Crotalaria_laburnifolia_subsp_laburnifolia
Crotalaria_laburnifolia_subsp_petiolaris,Crotalaria_laburnifolia_subsp_petiolaris
Crotalaria_lanceolata_subsp_lanceolata,Crotalaria_lanceolata_subsp_lanceolata
Crotalaria_lepidissima,Crotalaria_lepidissima
Crotalaria_linearifoliolata_2,Crotalaria_linearifoliolata_2
Crotalaria_lutescens,Crotalaria_lutescens
Crotalaria_macrocalyx_2,Crotalaria_macrocalyx_2
Crotalaria_massaiensis_2,Crotalaria_massaiensis_2
Crotalaria_mildbraedii_2,Crotalaria_mildbraedii_2
Crotalaria_muenzneri_2,Crotalaria_muenzneri_2
Crotalaria_nudiflora,Crotalaria_nudiflora
Crotalaria_oocarpa_2,Crotalaria_oocarpa_2
Crotalaria_oocarpa_subsp_oocarpa,Crotalaria_oocarpa_subsp_oocarpa
Crotalaria_pallidicaulis_2,Crotalaria_pallidicaulis_2
Crotalaria_parvula_2,Crotalaria_parvula_2
Crotalaria_passerinoides_2,Crotalaria_passerinoides_2
Crotalaria_sandoorensis,Crotalaria_sandoorensis
Crotalaria_speciosa,Crotalaria_speciosa
Crotalaria_sphaerocarpa_2,Crotalaria_sphaerocarpa_2
Crotalaria_subtilis,Crotalaria_subtilis
Crotalaria_uliginosa,Crotalaria_uliginosa
Crotalaria_virgultaris,Crotalaria_virgultaris
Crumenaria_polygaloides,Crumenaria_polygaloides
Cucumeropsis_mannii,Cucumeropsis_mannii
Cucumis_asper,Cucumis_asper
Cucumis_clavipetiolatus,Cucumis_clavipetiolatus
Cucumis_heptadactylis,Cucumis_heptadactylis
Cucumis_humofructus,Cucumis_humofructus
Cucumis_maderaspatanus,Cucumis_maderaspatanus
Cucumis_omissus,Cucumis_omissus
Cucumis_oreosyce,Cucumis_oreosyce
Cucumis_pubescens,Cucumis_pubescens
Cucumis_rostratus,Cucumis_rostratus
Cucumis_setosus,Cucumis_setosus
Cucumis_subsericeus,Cucumis_subsericeus
Cucumis_trigonus,Cucumis_trigonus
Cucumis_zeyherii,Cucumis_zeyherii
Cucurbita_argyrosperma_subsp_argyrosperma,Cucurbita_argyrosperma_subsp_argyrosperma
Cucurbita_argyrosperma_subsp_sororia,Cucurbita_argyrosperma_subsp_sororia
Cucurbita_okeechobeensis_subsp_martinezii,Cucurbita_okeechobeensis_subsp_martinezii
Cucurbita_pepo_subsp_fraterna,Cucurbita_pepo_subsp_fraterna
Cucurbita_pepo_subsp_ovifera,Cucurbita_pepo_subsp_ovifera
Cucurbita_pepo_subsp_pepo,Cucurbita_pepo_subsp_pepo
Cudrania_tricuspidata,Cudrania_tricuspidata
Cyclanthera_carthagenensis,Cyclanthera_carthagenensis
Cyclanthera_tonduzii,Cyclanthera_tonduzii
Cypholophus_heterophyllus,Cypholophus_heterophyllus
Cytisus_arboreus_subsp_baeticus,Cytisus_arboreus_subsp_baeticus
Cytisus_arboreus_subsp_catalaunicus,Cytisus_arboreus_subsp_catalaunicus
Cytisus_dieckii,Cytisus_dieckii
Cytisus_fontanesii_subsp_plumosus,Cytisus_fontanesii_subsp_plumosus
Cytisus_grandiflorus_subsp_haplophyllus,Cytisus_grandiflorus_subsp_haplophyllus
Cytisus_orientalis,Cytisus_orientalis
Cytisus_scoparius_subsp_reverchonii,Cytisus_scoparius_subsp_reverchonii
Cytisus_scoparius_subsp_scoparius,Cytisus_scoparius_subsp_scoparius
Cytisus_striatus_subsp_striatus,Cytisus_striatus_subsp_striatus
Dactyliandra_nigrescens,Dactyliandra_nigrescens
Dahlstedtia_glaziovii,Dahlstedtia_glaziovii
Dalbergia_dialoides,Dalbergia_dialoides
Dalbergia_sissoides,Dalbergia_sissoides
Dalbergiella_nyasae,Dalbergiella_nyasae
Dallachya_vitiensis,Dallachya_vitiensis
Dasiphora_fruticosa_subsp_floribunda,Dasiphora_fruticosa_subsp_floribunda
Dasiphora_glabra,Dasiphora_glabra
Daviesia_aphylla,Daviesia_aphylla
Daviesia_asperula_subsp_obliqua,Daviesia_asperula_subsp_obliqua
Daviesia_benthamii_subsp_benthamii,Daviesia_benthamii_subsp_benthamii
Daviesia_divaricata_subsp_divaricata,Daviesia_divaricata_subsp_divaricata
Daviesia_implexa,Daviesia_implexa
Daviesia_localis,Daviesia_localis
Daviesia_ulicifolia_subsp_pilligensis,Daviesia_ulicifolia_subsp_pilligensis
Daviesia_ulicifolia_subsp_ulicifolia,Daviesia_ulicifolia_subsp_ulicifolia
Debregeasia_dichotoma,Debregeasia_dichotoma
Debregeasia_salicifolia,Debregeasia_salicifolia
Dendrocnide_moroidea,Dendrocnide_moroidea
Dendrosicyos_socotranus,Dendrosicyos_socotranus
Denisophytum_buchii,Denisophytum_buchii
Denisophytum_pauciflorum,Denisophytum_pauciflorum
Denisophytum_sessilifolium,Denisophytum_sessilifolium
Denisophytum_stuckertii,Denisophytum_stuckertii
Dermatophyllum_gypsophilum,Dermatophyllum_gypsophilum
Derris_glabra,Derris_glabra
Derris_hainesiana,Derris_hainesiana
Derris_ovalifolia,Derris_ovalifolia
Derris_scandens,Derris_scandens
Derris_tinghuensis,Derris_tinghuensis
Desmodium_hirsutum,Desmodium_hirsutum
Desmodium_seatonii,Desmodium_seatonii
Dichrostachys_bernieriana,Dichrostachys_bernieriana
Dichrostachys_cinerea_subsp_africana,Dichrostachys_cinerea_subsp_africana
Dichrostachys_cinerea_subsp_nyassana,Dichrostachys_cinerea_subsp_nyassana
Dichrostachys_myriophylla,Dichrostachys_myriophylla
Dichrostachys_pervilleana,Dichrostachys_pervilleana
Dimorphandra_macrostachya_subsp_glabrifolia,Dimorphandra_macrostachya_subsp_glabrifolia
Diphyllarium_mekongense,Diphyllarium_mekongense
Diptychandra_aurantiaca,Diptychandra_aurantiaca
Docyniopsis_tschonoskii,Docyniopsis_tschonoskii
Dorstenia_cayapia_subsp_asaroides,Dorstenia_cayapia_subsp_asaroides
Dorstenia_cayapia_subsp_vitifolia,Dorstenia_cayapia_subsp_vitifolia
Dorstenia_roigii,Dorstenia_roigii
Dorycnium_pentaphyllum_subsp_germanicum,Dorycnium_pentaphyllum_subsp_germanicum
Droguetia_iners_subsp_urticoides,Droguetia_iners_subsp_urticoides
Droogmansia_montana,Droogmansia_montana
Dryas_ajanensis,Dryas_ajanensis
Dryas_alaskensis,Dryas_alaskensis
Dryas_crenulata,Dryas_crenulata
Dryas_punctata,Dryas_punctata
Drymocallis_glutinosa,Drymocallis_glutinosa
Ebenus_armitagei,Ebenus_armitagei
Ebenus_longipes,Ebenus_longipes
Ecballium_elaterium_subsp_dioicum,Ecballium_elaterium_subsp_dioicum
Ecballium_elaterium_subsp_elaterium,Ecballium_elaterium_subsp_elaterium
Echinopepon_bigelovii,Echinopepon_bigelovii
Echinopepon_milliflorus,Echinopepon_milliflorus
Echinopepon_paniculatus,Echinopepon_paniculatus
Edgaria_darjeelingensis,Edgaria_darjeelingensis
Elaeagnus_glabra_subsp_oxyphylla,Elaeagnus_glabra_subsp_oxyphylla
Elaeagnus_indica,Elaeagnus_indica
Elaeagnus_loureirii,Elaeagnus_loureirii
Elatostema_asterocephalum,Elatostema_asterocephalum
Elatostema_backeri,Elatostema_backeri
Elatostema_binatum,Elatostema_binatum
Elatostema_calcareum,Elatostema_calcareum
Elatostema_curtisii,Elatostema_curtisii
Elatostema_densistriolatum,Elatostema_densistriolatum
Elatostema_edule,Elatostema_edule
Elatostema_fengshanense,Elatostema_fengshanense
Elatostema_gracilipes,Elatostema_gracilipes
Elatostema_gyrocephalum,Elatostema_gyrocephalum
Elatostema_hechiense,Elatostema_hechiense
Elatostema_huanjiangense,Elatostema_huanjiangense
Elatostema_hybrid_cultivar,Elatostema_hybrid_cultivar
Elatostema_japonicum,Elatostema_japonicum
Elatostema_lonchophyllum,Elatostema_lonchophyllum
Elatostema_longipes,Elatostema_longipes
Elatostema_lutescens,Elatostema_lutescens
Elatostema_nigrescens,Elatostema_nigrescens
Elatostema_oligophlebium,Elatostema_oligophlebium
Elatostema_palustre,Elatostema_palustre
Elatostema_parasiticum,Elatostema_parasiticum
Elatostema_pedunculosum,Elatostema_pedunculosum
Elatostema_phanerophlebium,Elatostema_phanerophlebium
Elatostema_platyphylloides,Elatostema_platyphylloides
Elatostema_purpureum,Elatostema_purpureum
Elatostema_raapii,Elatostema_raapii
Elatostema_strigillosum,Elatostema_strigillosum
Elatostema_tianeense,Elatostema_tianeense
Elatostema_trilobulatum,Elatostema_trilobulatum
Elatostema_yakushimense,Elatostema_yakushimense
Elephantorrhiza_burkii,Elephantorrhiza_burkii
Engelhardia_fenzelii,Engelhardia_fenzelii
Englerodendron_gabunense_2,Englerodendron_gabunense_2
Entada_reticulata,Entada_reticulata
Entada_tonkinensis,Entada_tonkinensis
Erinacea_anthyllis,Erinacea_anthyllis
Eriobotrya_dayaoshanensis,Eriobotrya_dayaoshanensis
Eriobotrya_hookeriana,Eriobotrya_hookeriana
Eriosema_adamaouense,Eriosema_adamaouense
Erophaca_baetica_subsp_baetica,Erophaca_baetica_subsp_baetica
Erophaca_baetica_subsp_orientalis,Erophaca_baetica_subsp_orientalis
Erythrostemon_argentinus,Erythrostemon_argentinus
Erythrostemon_caladenia,Erythrostemon_caladenia
Erythrostemon_calycinum,Erythrostemon_calycinum
Erythrostemon_calycinus,Erythrostemon_calycinus
Erythrostemon_caudatus,Erythrostemon_caudatus
Erythrostemon_coccineus,Erythrostemon_coccineus
Erythrostemon_coulterioides,Erythrostemon_coulterioides
Erythrostemon_exilifolius,Erythrostemon_exilifolius
Erythrostemon_exostemma,Erythrostemon_exostemma
Erythrostemon_fimbriatus,Erythrostemon_fimbriatus
Erythrostemon_gilliesii,Erythrostemon_gilliesii
Erythrostemon_glandulosus,Erythrostemon_glandulosus
Erythrostemon_hintonii,Erythrostemon_hintonii
Erythrostemon_hughesii,Erythrostemon_hughesii
Erythrostemon_melanadenius,Erythrostemon_melanadenius
Erythrostemon_mexicanus,Erythrostemon_mexicanus
Erythrostemon_nelsonii,Erythrostemon_nelsonii
Erythrostemon_nicaraguensis,Erythrostemon_nicaraguensis
Erythrostemon_palmeri,Erythrostemon_palmeri
Erythrostemon_pannosus,Erythrostemon_pannosus
Erythrostemon_placidus,Erythrostemon_placidus
Erythrostemon_standleyi,Erythrostemon_standleyi
Euchlora_hirsuta,Euchlora_hirsuta
Exochorda_giraldii,Exochorda_giraldii
Exochorda_macrantha,Exochorda_macrantha
Exochorda_serratifolia,Exochorda_serratifolia
Feuilleea_boivini,Feuilleea_boivini
Feuilleea_schimperiana,Feuilleea_schimperiana
Ficus_andamanica,Ficus_andamanica
Ficus_beipeiensis,Ficus_beipeiensis
Ficus_buxifolia,Ficus_buxifolia
Ficus_chiapensis,Ficus_chiapensis
Ficus_crassivenosa,Ficus_crassivenosa
Ficus_daimingshanensis,Ficus_daimingshanensis
Ficus_dalhousiae,Ficus_dalhousiae
Ficus_fulvopilosa,Ficus_fulvopilosa
Ficus_henneana,Ficus_henneana
Ficus_hispidioides,Ficus_hispidioides
Ficus_iidaiana,Ficus_iidaiana
Ficus_iidana,Ficus_iidana
Ficus_irisana,Ficus_irisana
Ficus_kiloneura,Ficus_kiloneura
Ficus_krugiana,Ficus_krugiana
Ficus_lecardii,Ficus_lecardii
Ficus_leucotricha,Ficus_leucotricha
Ficus_morazaniana,Ficus_morazaniana
Ficus_nevesiae,Ficus_nevesiae
Ficus_nishimurae,Ficus_nishimurae
Ficus_ovalis,Ficus_ovalis
Ficus_periptera,Ficus_periptera
Ficus_petersii,Ficus_petersii
Ficus_potingensis,Ficus_potingensis
Ficus_repens,Ficus_repens
Ficus_rokko,Ficus_rokko
Ficus_ruginerva,Ficus_ruginerva
Ficus_santanderana,Ficus_santanderana
Ficus_segoviae,Ficus_segoviae
Ficus_sintenisii,Ficus_sintenisii
Ficus_sterrocarpa,Ficus_sterrocarpa
Ficus_stipulifera,Ficus_stipulifera
Ficus_torresiana,Ficus_torresiana
Ficus_usambarensis,Ficus_usambarensis
Ficus_wightiana,Ficus_wightiana
Fiebrigiella_gracilis,Fiebrigiella_gracilis
Filipendula_tsuguwoi,Filipendula_tsuguwoi
Filipendula_yezoensis,Filipendula_yezoensis
Fillaeopsis_discophora,Fillaeopsis_discophora
Flemingia_ferruginea,Flemingia_ferruginea
Fordia_lanceolata,Fordia_lanceolata
Fragaria_ananassa,Fragaria_ananassa
Fragaria_bucharica,Fragaria_bucharica
Fragaria_chiloensis_subsp_lucida,Fragaria_chiloensis_subsp_lucida
Fragaria_chinensis,Fragaria_chinensis
Fragaria_corymbosa,Fragaria_corymbosa
Fragaria_iturupensis,Fragaria_iturupensis
Fragaria_vesca_f._alba,Fragaria_vesca_f._alba
Fragaria_vesca_subsp_americana,Fragaria_vesca_subsp_americana
Fragaria_vesca_subsp_vesca,Fragaria_vesca_subsp_vesca
Fragaria_virginiana_subsp_glauca,Fragaria_virginiana_subsp_glauca
Fragaria_virginiana_subsp_virginiana,Fragaria_virginiana_subsp_virginiana
Frangula_longipes,Frangula_longipes
Frangula_polymorpha,Frangula_polymorpha
Frangula_rubra_subsp_obtusissima,Frangula_rubra_subsp_obtusissima
Frantzia_panamensis,Frantzia_panamensis
Frantzia_pittieri,Frantzia_pittieri
Frantzia_tacaco,Frantzia_tacaco
Frantzia_talamancensis,Frantzia_talamancensis
Frantzia_villosa,Frantzia_villosa
Gagnebina_calcicola,Gagnebina_calcicola
Galactia_australis,Galactia_australis
Galactia_monophylla,Galactia_monophylla
Galactia_sangsterae,Galactia_sangsterae
Gastrolobium_sericeum,Gastrolobium_sericeum
Gastrolobium_truncatum,Gastrolobium_truncatum
Gelrebia_trothae,Gelrebia_trothae
Genista_ausetana,Genista_ausetana
Genista_cilentina,Genista_cilentina
Genista_cinerea_subsp_cinerea,Genista_cinerea_subsp_cinerea
Genista_florida_subsp_florida,Genista_florida_subsp_florida
Genista_florida_subsp_maroccana,Genista_florida_subsp_maroccana
Genista_florida_subsp_polygaliphylla,Genista_florida_subsp_polygaliphylla
Genista_hirsuta_subsp_hirsuta,Genista_hirsuta_subsp_hirsuta
Genista_hispanica_subsp_hispanica,Genista_hispanica_subsp_hispanica
Genista_hystrix_subsp_hystrix,Genista_hystrix_subsp_hystrix
Genista_hystrix_subsp_legionensis,Genista_hystrix_subsp_legionensis
Genista_mugronensis_subsp_rigidissima,Genista_mugronensis_subsp_rigidissima
Genista_numidica_subsp_filiramea,Genista_numidica_subsp_filiramea
Genista_numidica_subsp_numidica,Genista_numidica_subsp_numidica
Genista_pulchella_subsp_villarsiana,Genista_pulchella_subsp_villarsiana
Genista_pumila_subsp_pumila,Genista_pumila_subsp_pumila
Genista_sylvestris_subsp_dalmatica,Genista_sylvestris_subsp_dalmatica
Genista_sylvestris_subsp_innocua,Genista_sylvestris_subsp_innocua
Genista_thyrrena_subsp_pontiana,Genista_thyrrena_subsp_pontiana
Genista_tournefortii_subsp_tournefortii,Genista_tournefortii_subsp_tournefortii
Genista_triacanthos_subsp_triacanthos,Genista_triacanthos_subsp_triacanthos
Genista_tridens_subsp_tridens,Genista_tridens_subsp_tridens
Genista_tridentata_subsp_lasiantha,Genista_tridentata_subsp_lasiantha
Genista_umbellata_subsp_equisetiformis,Genista_umbellata_subsp_equisetiformis
Genista_umbellata_subsp_umbellata,Genista_umbellata_subsp_umbellata
Genistidium_dumosum,Genistidium_dumosum
Gibbsia_insignis,Gibbsia_insignis
Gigasiphon_amplum,Gigasiphon_amplum
Gigasiphon_schlechteri,Gigasiphon_schlechteri
Gilbertiodendron_maximum,Gilbertiodendron_maximum
Girardinia_diversifolia_subsp_diversifolia,Girardinia_diversifolia_subsp_diversifolia
Girardinia_diversifolia_subsp_suborbiculata,Girardinia_diversifolia_subsp_suborbiculata
Girardinia_diversifolia_subsp_triloba,Girardinia_diversifolia_subsp_triloba
Glycyrrhiza_bucharica,Glycyrrhiza_bucharica
Glycyrrhiza_foetidissima,Glycyrrhiza_foetidissima
Gonostegia_hirta,Gonostegia_hirta
Gonostegia_parvifolia,Gonostegia_parvifolia
Gonostegia_pentandra,Gonostegia_pentandra
Goodia_lotifolia,Goodia_lotifolia
Goodia_medicaginea,Goodia_medicaginea
Gouania_gagnei,Gouania_gagnei
Guilandina_bonduc,Guilandina_bonduc
Guilandina_ciliata,Guilandina_ciliata
Guilandina_intermedia,Guilandina_intermedia
Guilandina_major,Guilandina_major
Guilandina_sphaerosperma,Guilandina_sphaerosperma
Gurania_pittieri,Gurania_pittieri
Gymnopetalum_integrifolium,Gymnopetalum_integrifolium
Gymnopetalum_orientale,Gymnopetalum_orientale
Gymnopetalum_scabrum,Gymnopetalum_scabrum
Gymnopetalum_tubiflorum,Gymnopetalum_tubiflorum
Gynostemma_compressum,Gynostemma_compressum
Gynostemma_pentagynum,Gynostemma_pentagynum
Hagenia_abyssinica,Hagenia_abyssinica
Hammatolobium_lotoides,Hammatolobium_lotoides
Hanburia_oerstedii,Hanburia_oerstedii
Haroldiella_rapaensis,Haroldiella_rapaensis
Hedysarum_astragaloides,Hedysarum_astragaloides
Hedysarum_boveanum_subsp_boveanum,Hedysarum_boveanum_subsp_boveanum
Hedysarum_boveanum_subsp_europaeum,Hedysarum_boveanum_subsp_europaeum
Hedysarum_chaiyrakanicum,Hedysarum_chaiyrakanicum
Hedysarum_dentatoalatum,Hedysarum_dentatoalatum
Hedysarum_halophilum,Hedysarum_halophilum
Hedysarum_hedysaroides_subsp_arcticum,Hedysarum_hedysaroides_subsp_arcticum
Hedysarum_iomuticum,Hedysarum_iomuticum
Hedysarum_kopetdaghi,Hedysarum_kopetdaghi
Hedysarum_marandense,Hedysarum_marandense
Hedysarum_monophyllum,Hedysarum_monophyllum
Hedysarum_nuratense,Hedysarum_nuratense
Hedysarum_poncinsii,Hedysarum_poncinsii
Hedysarum_taipeicum,Hedysarum_taipeicum
Hedysarum_truncatum,Hedysarum_truncatum
Hedysarum_varium_subsp_syriacum,Hedysarum_varium_subsp_syriacum
Hemsleya_carnosiflora,Hemsleya_carnosiflora
Hemsleya_chengyihana,Hemsleya_chengyihana
Hemsleya_heterosperma,Hemsleya_heterosperma
Hemsleya_mitrata,Hemsleya_mitrata
Hesperomeles_obovata,Hesperomeles_obovata
Heteroflorum_sclerocarpum,Heteroflorum_sclerocarpum
Hippophae_neurocarpa_subsp_neurocarpa,Hippophae_neurocarpa_subsp_neurocarpa
Hippophae_neurocarpa_subsp_stellatopilosa,Hippophae_neurocarpa_subsp_stellatopilosa
Hippophae_rhamnoides_subsp_carpatica,Hippophae_rhamnoides_subsp_carpatica
Hippophae_rhamnoides_subsp_caucasica,Hippophae_rhamnoides_subsp_caucasica
Hippophae_rhamnoides_subsp_mongolica,Hippophae_rhamnoides_subsp_mongolica
Hippophae_rhamnoides_subsp_rhamnoides,Hippophae_rhamnoides_subsp_rhamnoides
Hippophae_rhamnoides_subsp_turkestanica,Hippophae_rhamnoides_subsp_turkestanica
Hoffmannseggia_arequipensis,Hoffmannseggia_arequipensis
Hoffmannseggia_doellii,Hoffmannseggia_doellii
Hoffmannseggia_doellii_subsp_argentina,Hoffmannseggia_doellii_subsp_argentina
Holocalyx_balansae,Holocalyx_balansae
Humboldtia_bourdillonii,Humboldtia_bourdillonii
Humboldtia_unijuga,Humboldtia_unijuga
Hymenostegia_elgans,Hymenostegia_elgans
Indigofera_achyranthoides,Indigofera_achyranthoides
Indigofera_arnottii,Indigofera_arnottii
Indigofera_asterocalycina,Indigofera_asterocalycina
Indigofera_bongensis,Indigofera_bongensis
Indigofera_chaetodonta,Indigofera_chaetodonta
Indigofera_deccanensis,Indigofera_deccanensis
Indigofera_grandiflora,Indigofera_grandiflora
Indigofera_hermannioides,Indigofera_hermannioides
Indigofera_himalayensis,Indigofera_himalayensis
Indigofera_hiranensis,Indigofera_hiranensis
Indigofera_jindongensis,Indigofera_jindongensis
Indigofera_kelleri,Indigofera_kelleri
Indigofera_laxeracemosa,Indigofera_laxeracemosa
Indigofera_mysorensis,Indigofera_mysorensis
Indigofera_nephrocarpoides,Indigofera_nephrocarpoides
Indigofera_roseocaerulea,Indigofera_roseocaerulea
Indigofera_schlechteri,Indigofera_schlechteri
Indigofera_sedgewickiana,Indigofera_sedgewickiana
Indigofera_sessilfolia,Indigofera_sessilfolia
Indigofera_sticta,Indigofera_sticta
Indomelothria_blumei,Indomelothria_blumei
Indopiptadenia_oudhensis,Indopiptadenia_oudhensis
Inga_fanchoniana,Inga_fanchoniana
Inga_feuillei,Inga_feuillei
Juglans_hopeiensis,Juglans_hopeiensis
Juglans_steyermarkii,Juglans_steyermarkii
Kageneckia_crataegifolia,Kageneckia_crataegifolia
Kanaloa_kahoolawensis,Kanaloa_kahoolawensis
Karwinskia_parvifolia,Karwinskia_parvifolia
Laburnum_anagyroides_subsp_anagyroides,Laburnum_anagyroides_subsp_anagyroides
Lachemilla_adscendens,Lachemilla_adscendens
Lachemilla_angustata,Lachemilla_angustata
Lachemilla_barbata,Lachemilla_barbata
Lachemilla_bipinnatifida,Lachemilla_bipinnatifida
Lachemilla_equisetiformis,Lachemilla_equisetiformis
Lachemilla_erodiifolia,Lachemilla_erodiifolia
Lachemilla_frigida,Lachemilla_frigida
Lachemilla_holmgrenii,Lachemilla_holmgrenii
Lachemilla_jaramilloi,Lachemilla_jaramilloi
Lachemilla_llanganatensis,Lachemilla_llanganatensis
Lachemilla_mexiquense,Lachemilla_mexiquense
Lachemilla_moritziana,Lachemilla_moritziana
Lachemilla_perryana,Lachemilla_perryana
Lachemilla_pringlei,Lachemilla_pringlei
Lachemilla_pseudovenusta,Lachemilla_pseudovenusta
Lachemilla_purdiei,Lachemilla_purdiei
Lachemilla_ranunculoides,Lachemilla_ranunculoides
Lachemilla_sarmentosa,Lachemilla_sarmentosa
Lachemilla_sibbaldiifolia,Lachemilla_sibbaldiifolia
Lachemilla_steinbachii,Lachemilla_steinbachii
Lachemilla_talamanquensis,Lachemilla_talamanquensis
Lachemilla_uniflora,Lachemilla_uniflora
Lachemilla_velutina,Lachemilla_velutina
Lachemilla_venusta,Lachemilla_venusta
Lackeya_multiflora,Lackeya_multiflora
Laportea_macrostachya,Laportea_macrostachya
Lasiodiscus_holtzii,Lasiodiscus_holtzii
Lasiodiscus_pervillei_subsp_pervillei,Lasiodiscus_pervillei_subsp_pervillei
Lathyrus_alamutensis,Lathyrus_alamutensis
Lathyrus_gloeosperma,Lathyrus_gloeosperma
Lathyrus_karsianus,Lathyrus_karsianus
Lathyrus_ledebourii,Lathyrus_ledebourii
Lathyrus_leptophyllus,Lathyrus_leptophyllus
Lathyrus_magellanicus_var_longipes,Lathyrus_magellanicus_var_longipes
Lathyrus_multijugus,Lathyrus_multijugus
Lathyrus_numidicus,Lathyrus_numidicus
Lathyrus_palustris_subsp_pilosus,Lathyrus_palustris_subsp_pilosus
Lathyrus_pannonicus_f._glaber,Lathyrus_pannonicus_f._glaber
Lathyrus_pannonicus_subsp_asphodeloides,Lathyrus_pannonicus_subsp_asphodeloides
Lathyrus_pannonicus_subsp_collinus,Lathyrus_pannonicus_subsp_collinus
Lathyrus_pannonicus_subsp_longestipulatus,Lathyrus_pannonicus_subsp_longestipulatus
Lathyrus_pannonicus_subsp_pannonicus,Lathyrus_pannonicus_subsp_pannonicus
Lathyrus_pannonicus_subsp_varius,Lathyrus_pannonicus_subsp_varius
Lathyrus_pratensis_subsp_pratensis,Lathyrus_pratensis_subsp_pratensis
Lathyrus_woronowii,Lathyrus_woronowii
Lebeckia_lotonoides,Lebeckia_lotonoides
Lebeckia_uniflora,Lebeckia_uniflora
Lemurodendron_capuronii,Lemurodendron_capuronii
Lemurosicyos_variegatus,Lemurosicyos_variegatus
Lens_culinaris_subsp_culinaris,Lens_culinaris_subsp_culinaris
Lens_culinaris_subsp_odemensis,Lens_culinaris_subsp_odemensis
Lens_culinaris_subsp_tomentosus,Lens_culinaris_subsp_tomentosus
Lens_orientalis,Lens_orientalis
Leobordea_acuticarpa,Leobordea_acuticarpa
Leobordea_lanata,Leobordea_lanata
Leobordea_polycephala,Leobordea_polycephala
Leonardoxa_africana_subsp_africana,Leonardoxa_africana_subsp_africana
Leonardoxa_africana_subsp_gracilicaulis,Leonardoxa_africana_subsp_gracilicaulis
Leonardoxa_africana_subsp_letouzeyi,Leonardoxa_africana_subsp_letouzeyi
Leonardoxa_africana_subsp_rumpiensis,Leonardoxa_africana_subsp_rumpiensis
Lespedeza_hengduanshanensis,Lespedeza_hengduanshanensis
Lespedeza_hispida,Lespedeza_hispida
Lespedeza_jiangxiensis,Lespedeza_jiangxiensis
Lespedeza_thunbergii_subsp_patens,Lespedeza_thunbergii_subsp_patens
Leucaena_collinsii_subsp_collinsii,Leucaena_collinsii_subsp_collinsii
Leucaena_macrophylla_subsp_istmensis,Leucaena_macrophylla_subsp_istmensis
Leucaena_zacapana,Leucaena_zacapana
Leucochloron_bolivianum,Leucochloron_bolivianum
Leucochloron_foederale,Leucochloron_foederale
Leucochloron_incuriale,Leucochloron_incuriale
Leucochloron_limae,Leucochloron_limae
Leucochloron_minarum,Leucochloron_minarum
Leucomphalos_capparideus,Leucomphalos_capparideus
Liparia_splendens_subsp_comantha,Liparia_splendens_subsp_comantha
Liparia_splendens_subsp_splendens,Liparia_splendens_subsp_splendens
Listia_angolensis,Listia_angolensis
Listia_bainesii,Listia_bainesii
Listia_heterophylla,Listia_heterophylla
Listia_marlothii,Listia_marlothii
Listia_solitudinis,Listia_solitudinis
Lithocarpus_dahuoaiensis,Lithocarpus_dahuoaiensis
Lithocarpus_licentii,Lithocarpus_licentii
Lithocarpus_longinux,Lithocarpus_longinux
Lithocarpus_nitidinux,Lithocarpus_nitidinux
Lithocarpus_ombrophilus,Lithocarpus_ombrophilus
Lithocarpus_palungensis,Lithocarpus_palungensis
Lithocarpus_pseudomagneinii,Lithocarpus_pseudomagneinii
Loesenera_talbotii_2,Loesenera_talbotii_2
Loesenera_walkeri_2,Loesenera_walkeri_2
Lonchocarpus_berriozabalensis,Lonchocarpus_berriozabalensis
Lonchocarpus_crassicalyx,Lonchocarpus_crassicalyx
Lonchocarpus_cristatus,Lonchocarpus_cristatus
Lonchocarpus_galeottianus,Lonchocarpus_galeottianus
Lonchocarpus_grandifoliolatus,Lonchocarpus_grandifoliolatus
Lonchocarpus_kerberi,Lonchocarpus_kerberi
Lonchocarpus_latimarginatus,Lonchocarpus_latimarginatus
Lonchocarpus_michoacanicus,Lonchocarpus_michoacanicus
Lonchocarpus_monticola,Lonchocarpus_monticola
Lonchocarpus_paucinervius,Lonchocarpus_paucinervius
Lonchocarpus_rugosus_subsp_rugosus,Lonchocarpus_rugosus_subsp_rugosus
Lonchocarpus_rugosus_subsp_stipulaceus,Lonchocarpus_rugosus_subsp_stipulaceus
Lonchocarpus_vittatus,Lonchocarpus_vittatus
Lonchocarpus_wendtii,Lonchocarpus_wendtii
Lophocarpinia_aculeatifolia,Lophocarpinia_aculeatifolia
Lotononis_densa_subsp_gracilis,Lotononis_densa_subsp_gracilis
Lotononis_densa_subsp_leucoclada,Lotononis_densa_subsp_leucoclada
Lotononis_involucrata_subsp_peduncularis,Lotononis_involucrata_subsp_peduncularis
Lotononis_rostrata_subsp_namaquensis,Lotononis_rostrata_subsp_namaquensis
Lotononis_trichodes,Lotononis_trichodes
Lotus_alianus,Lotus_alianus
Lotus_argyrodes,Lotus_argyrodes
Lotus_arinagensis,Lotus_arinagensis
Lotus_broussonetii,Lotus_broussonetii
Lotus_brunneri,Lotus_brunneri
Lotus_burttii,Lotus_burttii
Lotus_corniculatus_subsp_japonicus,Lotus_corniculatus_subsp_japonicus
Lotus_gebelia_subsp_gebelia,Lotus_gebelia_subsp_gebelia
Lotus_germanicus,Lotus_germanicus
Lotus_krylovii,Lotus_krylovii
Lotus_maculatus,Lotus_maculatus
Lotus_polyphyllus,Lotus_polyphyllus
Lotus_pyranthus,Lotus_pyranthus
Lotus_sanguineus,Lotus_sanguineus
Lotus_simonae,Lotus_simonae
Lotus_strictus,Lotus_strictus
Luffa_aegyptiaca,Luffa_aegyptiaca
Luffa_astorii,Luffa_astorii
Luffa_hermaphrodita,Luffa_hermaphrodita
Luffa_pentandra,Luffa_pentandra
Luffa_quinquefida,Luffa_quinquefida
Lupinus_anatolicus,Lupinus_anatolicus
Lupinus_howardii,Lupinus_howardii
Lupinus_hybrid_cultivar,Lupinus_hybrid_cultivar
Lupinus_mantaroensis,Lupinus_mantaroensis
Lupinus_praestabilis,Lupinus_praestabilis
Lupinus_purosericeus,Lupinus_purosericeus
Lyonothamnus_floribundus_subsp_floribundus,Lyonothamnus_floribundus_subsp_floribundus
Maackia_australis,Maackia_australis
Maackia_hwashanensis,Maackia_hwashanensis
Maclura_pubescens,Maclura_pubescens
Maclura_spinosa,Maclura_spinosa
Maclura_tinctoria_subsp_mora,Maclura_tinctoria_subsp_mora
Maclura_tinctoria_subsp_tinctoria,Maclura_tinctoria_subsp_tinctoria
Macrolobium_floridum,Macrolobium_floridum
Macrolobium_klugii,Macrolobium_klugii
Macropsychanthus_lauterbachii,Macropsychanthus_lauterbachii
Macrozanonia_macrocarpa,Macrozanonia_macrocarpa
Malaisia_scandens,Malaisia_scandens
Malus_brevipes,Malus_brevipes
Malus_caspiriensis,Malus_caspiriensis
Malus_dawsoniana,Malus_dawsoniana
Malus_domestica,Malus_domestica
Malus_floribunda,Malus_floribunda
Malus_melliana,Malus_melliana
Malus_pumila,Malus_pumila
Malus_ringo,Malus_ringo
Malus_robusta,Malus_robusta
Maquira_costaricana,Maquira_costaricana
Maraniona_lavinii,Maraniona_lavinii
Marcetella_moquiniana,Marcetella_moquiniana
Margyricarpus_setosus,Margyricarpus_setosus
Medicago_bonarotiana,Medicago_bonarotiana
Medicago_falcata_subsp_falcata,Medicago_falcata_subsp_falcata
Medicago_platycarpos,Medicago_platycarpos
Medicago_plicata,Medicago_plicata
Medicago_popovii,Medicago_popovii
Medicago_sativa_subsp_glomerata,Medicago_sativa_subsp_glomerata
Medicago_syriaca,Medicago_syriaca
Megarrhiza_macrocarpa,Megarrhiza_macrocarpa
Meibomia_cordistipula,Meibomia_cordistipula
Melancium_campestre,Melancium_campestre
Melilotus_polonicus,Melilotus_polonicus
Melliniella_micrantha,Melliniella_micrantha
Melolobium_glanduliferum,Melolobium_glanduliferum
Melolobium_villosum,Melolobium_villosum
Metatrophis_margaretae,Metatrophis_margaretae
Mezoneuron_andamanicum,Mezoneuron_andamanicum
Mezoneuron_angolense,Mezoneuron_angolense
Mezoneuron_benthamianum,Mezoneuron_benthamianum
Mezoneuron_brachycarpum,Mezoneuron_brachycarpum
Mezoneuron_cucullatum,Mezoneuron_cucullatum
Mezoneuron_erythrocarpum,Mezoneuron_erythrocarpum
Mezoneuron_hildebrandtii,Mezoneuron_hildebrandtii
Mezoneuron_hymenocarpum,Mezoneuron_hymenocarpum
Mezoneuron_montrouzieri,Mezoneuron_montrouzieri
Mezoneuron_pubescens,Mezoneuron_pubescens
Mezoneuron_scortechinii,Mezoneuron_scortechinii
Mezoneuron_sumatranum,Mezoneuron_sumatranum
Microcharis_stipulosa,Microcharis_stipulosa
Microcharis_tenuirostris,Microcharis_tenuirostris
Microlagenaria_africana,Microlagenaria_africana
Micromeles_folgneri,Micromeles_folgneri
Millettia_erythrocalyx,Millettia_erythrocalyx
Mimosa_aspera,Mimosa_aspera
Mimosa_pauli,Mimosa_pauli
Mimosa_paulii,Mimosa_paulii
Mimosa_somnians_subsp_viscida,Mimosa_somnians_subsp_viscida
Mirbelia_baueri,Mirbelia_baueri
Momordica_angolensis,Momordica_angolensis
Momordica_charantia_subsp_charantia,Momordica_charantia_subsp_charantia
Momordica_dissecta,Momordica_dissecta
Momordica_involucrata,Momordica_involucrata
Momordica_macrophylla,Momordica_macrophylla
Momordica_mossambica,Momordica_mossambica
Momordica_silvatica,Momordica_silvatica
Momordica_subangulata_subsp_renigera,Momordica_subangulata_subsp_renigera
Momordica_trifolia,Momordica_trifolia
Monnina_hirta_subsp_hirta,Monnina_hirta_subsp_hirta
Monnina_leptostachya,Monnina_leptostachya
Monnina_martiana,Monnina_martiana
Monnina_pterocarpa,Monnina_pterocarpa
Monnina_sp1,Monnina_sp1
Monnina_sp3,Monnina_sp3
Morella_cerifera,Morella_cerifera
Morella_rubra,Morella_rubra
Morus_bombycis,Morus_bombycis
Morus_hybrid_cultivar,Morus_hybrid_cultivar
Morus_lhou,Morus_lhou
Morus_murrayana,Morus_murrayana
Morus_nigra,Morus_nigra
Morus_rotundiloba,Morus_rotundiloba
Morus_yunnanensis,Morus_yunnanensis
Moullava_digyna,Moullava_digyna
Moullava_spicata,Moullava_spicata
Mucuna_atropurpurea,Mucuna_atropurpurea
Mucuna_gigantea_subsp_gigantea,Mucuna_gigantea_subsp_gigantea
Muraltia_ericifolia,Muraltia_ericifolia
Muraltia_parviflora,Muraltia_parviflora
Myrica_kraussiana,Myrica_kraussiana
Neillia_sparsiflora,Neillia_sparsiflora
Neoachmandra_cordifolia,Neoachmandra_cordifolia
Neoachmandra_deltoidea,Neoachmandra_deltoidea
Neoachmandra_japonica,Neoachmandra_japonica
Neoalsomitra_capricornica,Neoalsomitra_capricornica
Neoalsomitra_integrifoliola,Neoalsomitra_integrifoliola
Neoalsomitra_schefferiana_subsp_podagrica,Neoalsomitra_schefferiana_subsp_podagrica
Neoalsomitra_suberosa,Neoalsomitra_suberosa
Neoalsomitra_trifoliolata,Neoalsomitra_trifoliolata
Nephrodesmus_francii,Nephrodesmus_francii
Nephrodesmus_parvifolius,Nephrodesmus_parvifolius
Nesiota_elliptica,Nesiota_elliptica
Neviusia_alabamensis,Neviusia_alabamensis
Neviusia_cliftonii,Neviusia_cliftonii
Nissolia_longiflora,Nissolia_longiflora
Nogra_guangxiensis,Nogra_guangxiensis
Nothocnide_discolor,Nothocnide_discolor
Nothocnide_melastomatifolia,Nothocnide_melastomatifolia
Nothocnide_mollissima,Nothocnide_mollissima
NothoFuscospora_alessandri,NothoFuscospora_alessandri
NothoFuscospora_gunnii,NothoFuscospora_gunnii
NothoLophozonia_glauca,NothoLophozonia_glauca
NothoLophozonia_obliqua,NothoLophozonia_obliqua
NothoNothofagus_alessandrii,NothoNothofagus_alessandrii
NothoNothofagus_alpina,NothoNothofagus_alpina
NothoNothofagus_antarctica,NothoNothofagus_antarctica
NothoNothofagus_betuloides,NothoNothofagus_betuloides
NothoNothofagus_dombeyi,NothoNothofagus_dombeyi
NothoNothofagus_glauca,NothoNothofagus_glauca
NothoNothofagus_macrocarpa,NothoNothofagus_macrocarpa
NothoNothofagus_nervosa,NothoNothofagus_nervosa
NothoNothofagus_nitida,NothoNothofagus_nitida
NothoNothofagus_obliqua,NothoNothofagus_obliqua
NothoNothofagus_pumilio,NothoNothofagus_pumilio
NPAAA_Jacksonia_eremodendron,NPAAA_Jacksonia_eremodendron
NPAAA_Jacksonia_horrida,NPAAA_Jacksonia_horrida
NPAAA_Jacksonia_macrocalyx,NPAAA_Jacksonia_macrocalyx
NPAAA_Jacksonia_thesioides,NPAAA_Jacksonia_thesioides
NPAAA_Lessertia_perennans,NPAAA_Lessertia_perennans
NPAAA_Muelleranthus_trifoliolatus,NPAAA_Muelleranthus_trifoliolatus
Obetia_aldabrensis,Obetia_aldabrensis
Obetia_pinnatifida,Obetia_pinnatifida
Ochetophila_trinervis,Ochetophila_trinervis
Onobrychis_argyrea_var_argyrea,Onobrychis_argyrea_var_argyrea
Onobrychis_cadmea,Onobrychis_cadmea
Onobrychis_dasycephala,Onobrychis_dasycephala
Onobrychis_kemulariae,Onobrychis_kemulariae
Onobrychis_marandensis,Onobrychis_marandensis
Onobrychis_merxmuelleri,Onobrychis_merxmuelleri
Onobrychis_mozaffarianii,Onobrychis_mozaffarianii
Onobrychis_neychalanensis,Onobrychis_neychalanensis
Onobrychis_nummularia,Onobrychis_nummularia
Onobrychis_schahuensis,Onobrychis_schahuensis
Onobrychis_schugnanica,Onobrychis_schugnanica
Onobrychis_shahpurensis,Onobrychis_shahpurensis
Onobrychis_sosnowskyi,Onobrychis_sosnowskyi
Onobrychis_splendida,Onobrychis_splendida
Onobrychis_transcaspica,Onobrychis_transcaspica
Ononis_afghanica,Ononis_afghanica
Ononis_alba_subsp_alba,Ononis_alba_subsp_alba
Ononis_alba_subsp_monophylla,Ononis_alba_subsp_monophylla
Ononis_alopecuroides_subsp_alopecuroides,Ononis_alopecuroides_subsp_alopecuroides
Ononis_angustissima_subsp_longifolia,Ononis_angustissima_subsp_longifolia
Ononis_hispida_subsp_hispida,Ononis_hispida_subsp_hispida
Ononis_natrix_subsp_arganietorum,Ononis_natrix_subsp_arganietorum
Ononis_reclinata_subsp_reclinata,Ononis_reclinata_subsp_reclinata
Ononis_spinosa_subsp_leiosperma,Ononis_spinosa_subsp_leiosperma
Ononis_viscosa_subsp_breviflora,Ononis_viscosa_subsp_breviflora
Ononis_viscosa_subsp_crotalarioides,Ononis_viscosa_subsp_crotalarioides
Ononis_zygantha,Ononis_zygantha
Oreocnide_frutescens_subsp_frutescens,Oreocnide_frutescens_subsp_frutescens
Ormocarpopsis_anosyana,Ormocarpopsis_anosyana
Ormocarpum_coeruleum,Ormocarpum_coeruleum
Ormosia_semicastrata_f._pallida,Ormosia_semicastrata_f._pallida
Osteomeles_boninensis,Osteomeles_boninensis
Ostryopsis_intermedia,Ostryopsis_intermedia
Oxytes_pycnostachya,Oxytes_pycnostachya
Oxytropis_afghanica,Oxytropis_afghanica
Oxytropis_almaatensis,Oxytropis_almaatensis
Oxytropis_aspera,Oxytropis_aspera
Oxytropis_aucherii,Oxytropis_aucherii
Oxytropis_aurea,Oxytropis_aurea
Oxytropis_azerbaijanica,Oxytropis_azerbaijanica
Oxytropis_bakhtiarica,Oxytropis_bakhtiarica
Oxytropis_bella,Oxytropis_bella
Oxytropis_binaludensis,Oxytropis_binaludensis
Oxytropis_bryophila,Oxytropis_bryophila
Oxytropis_campestris_var_roaldii,Oxytropis_campestris_var_roaldii
Oxytropis_chankaensis,Oxytropis_chankaensis
Oxytropis_cinerea,Oxytropis_cinerea
Oxytropis_coerulea_subsp_coerulea,Oxytropis_coerulea_subsp_coerulea
Oxytropis_compacta,Oxytropis_compacta
Oxytropis_czapandaghi,Oxytropis_czapandaghi
Oxytropis_czekanowskii,Oxytropis_czekanowskii
Oxytropis_gilgitensis,Oxytropis_gilgitensis
Oxytropis_glandulosa,Oxytropis_glandulosa
Oxytropis_gorodkovii,Oxytropis_gorodkovii
Oxytropis_guilanica,Oxytropis_guilanica
Oxytropis_hypsophila,Oxytropis_hypsophila
Oxytropis_indurata,Oxytropis_indurata
Oxytropis_interposita,Oxytropis_interposita
Oxytropis_javaherdehi,Oxytropis_javaherdehi
Oxytropis_kuchanensis,Oxytropis_kuchanensis
Oxytropis_kunashiriensis,Oxytropis_kunashiriensis
Oxytropis_liliputa,Oxytropis_liliputa
Oxytropis_litwinowi,Oxytropis_litwinowi
Oxytropis_mahneshanensis,Oxytropis_mahneshanensis
Oxytropis_michelsonii,Oxytropis_michelsonii
Oxytropis_middendorffii_subsp_trautvetteri,Oxytropis_middendorffii_subsp_trautvetteri
Oxytropis_neorechingeriana,Oxytropis_neorechingeriana
Oxytropis_nigrescens_var_uniflora,Oxytropis_nigrescens_var_uniflora
Oxytropis_nutans,Oxytropis_nutans
Oxytropis_ochroleuca,Oxytropis_ochroleuca
Oxytropis_panjshirica,Oxytropis_panjshirica
Oxytropis_podoloba,Oxytropis_podoloba
Oxytropis_pseudosuavis,Oxytropis_pseudosuavis
Oxytropis_rechingeri,Oxytropis_rechingeri
Oxytropis_rhodontha,Oxytropis_rhodontha
Oxytropis_rishiriensis,Oxytropis_rishiriensis
Oxytropis_roseiformis,Oxytropis_roseiformis
Oxytropis_sabzavarensis,Oxytropis_sabzavarensis
Oxytropis_sachalinensis,Oxytropis_sachalinensis
Oxytropis_salukensis,Oxytropis_salukensis
Oxytropis_shahvarica,Oxytropis_shahvarica
Oxytropis_sojakii,Oxytropis_sojakii
Oxytropis_triflora,Oxytropis_triflora
Oxytropis_triphylla,Oxytropis_triphylla
Oxytropis_varlakovii,Oxytropis_varlakovii
Oxytropis_volkii,Oxytropis_volkii
Oxytropis_vvedenskyi,Oxytropis_vvedenskyi
Pachyelasma_tessmannii,Pachyelasma_tessmannii
Painteria_elachistophylla,Painteria_elachistophylla
Painteria_leptophylla,Painteria_leptophylla
Papuasicyos_papuanus,Papuasicyos_papuanus
Pararchidendron_pruinosum,Pararchidendron_pruinosum
Parartocarpus_bracteatus,Parartocarpus_bracteatus
Parartocarpus_venenosus,Parartocarpus_venenosus
Paraserianthes_lophantha_subsp_lophantha,Paraserianthes_lophantha_subsp_lophantha
Paratrophis_anthropophagorum,Paratrophis_anthropophagorum
Paratrophis_glabra,Paratrophis_glabra
Paratrophis_philippinensis,Paratrophis_philippinensis
Parietaria_micrantha,Parietaria_micrantha
Parkia_biglandulosa,Parkia_biglandulosa
Pearsonia_grandifolia_subsp_latibracteolata,Pearsonia_grandifolia_subsp_latibracteolata
Pediomelum_humile,Pediomelum_humile
Pediomelum_piedmontanum,Pediomelum_piedmontanum
Pellionia_daveauana,Pellionia_daveauana
Pellionia_pulchra,Pellionia_pulchra
Pellionia_tsoongii,Pellionia_tsoongii
Peltogyne_venosa_subsp_venosa,Peltogyne_venosa_subsp_venosa
Peltophorum_peltatum,Peltophorum_peltatum
Penelopeia_suburceolata,Penelopeia_suburceolata
Peponium_sublitorale,Peponium_sublitorale
Phanera_glabrifolia,Phanera_glabrifolia
Phanera_ornata,Phanera_ornata
Phanera_phoenicea,Phanera_phoenicea
Phaseolus_juquilensis,Phaseolus_juquilensis
Phaseolus_lignosus,Phaseolus_lignosus
Phaseolus_polystachios_subsp_smilacifolius,Phaseolus_polystachios_subsp_smilacifolius
Phaseolus_scrobiculatifolius,Phaseolus_scrobiculatifolius
Phylica_apiculata,Phylica_apiculata
Phylica_recurvifolia,Phylica_recurvifolia
Phylica_tropica,Phylica_tropica
Phyllolobium_pastorium,Phyllolobium_pastorium
Phyllolobium_sanbilingense,Phyllolobium_sanbilingense
Phyllolobium_siccaneum,Phyllolobium_siccaneum
Phyllolobium_turgidocarpum,Phyllolobium_turgidocarpum
Physocarpus_bracteatus,Physocarpus_bracteatus
Pilea_attenuata,Pilea_attenuata
Pilea_baurii,Pilea_baurii
Pilea_benguetensis,Pilea_benguetensis
Pilea_cavaleriei_subsp_cavaleriei,Pilea_cavaleriei_subsp_cavaleriei
Pilea_chartacea,Pilea_chartacea
Pilea_dominguensis,Pilea_dominguensis
Pilea_nonggangensis,Pilea_nonggangensis
Pilea_pelonae,Pilea_pelonae
Pilea_peperomioides,Pilea_peperomioides
Pilea_rhombea,Pilea_rhombea
Pilea_stipulosa,Pilea_stipulosa
Pilea_ternifolia,Pilea_ternifolia
Pilea_thymifolia,Pilea_thymifolia
Pilea_verbascifolia,Pilea_verbascifolia
Pilea_victoriae,Pilea_victoriae
Piptadeniopsis_lomentifera,Piptadeniopsis_lomentifera
Pipturus_oahuensis,Pipturus_oahuensis
Pipturus_pachyphyllus,Pipturus_pachyphyllus
Pisum_sativum_subsp_sativum,Pisum_sativum_subsp_sativum
Pithecelobium_dulce,Pithecelobium_dulce
Platymiscium_calyptratum,Platymiscium_calyptratum
Platymiscium_pubescens_subsp_pubescens,Platymiscium_pubescens_subsp_pubescens
Podalyria_lanceolata,Podalyria_lanceolata
Polhillia_involucrata,Polhillia_involucrata
Polianthion_bilocularis,Polianthion_bilocularis
Polianthion_collinum,Polianthion_collinum
Polianthion_minutiflorum,Polianthion_minutiflorum
Polianthion_wichurae,Polianthion_wichurae
Polygala_alpicola,Polygala_alpicola
Polygala_anderssonii,Polygala_anderssonii
Polygala_apendiculata,Polygala_apendiculata
Polygala_campestris,Polygala_campestris
Polygala_cowellii,Polygala_cowellii
Polygala_pinifolia,Polygala_pinifolia
Polygala_rhysocarpa,Polygala_rhysocarpa
Polygala_rusbyi,Polygala_rusbyi
Polygala_sinaica,Polygala_sinaica
Polygala_spinescens,Polygala_spinescens
Polygala_virgata,Polygala_virgata
Polygaloides_vayredae,Polygaloides_vayredae
Polylepis_rugulosa,Polylepis_rugulosa
Polylepis_tomentella_subsp_incanoides,Polylepis_tomentella_subsp_incanoides
Pomaderris_elachophylla,Pomaderris_elachophylla
Pomaderris_elliptica,Pomaderris_elliptica
Pomaderris_flabellaris,Pomaderris_flabellaris
Pomaderris_grandis,Pomaderris_grandis
Pomaderris_lanigera,Pomaderris_lanigera
Pomaderris_obcordata,Pomaderris_obcordata
Pomaderris_oraria,Pomaderris_oraria
Pomaderris_paniculosa,Pomaderris_paniculosa
Pomaderris_rotundifolia,Pomaderris_rotundifolia
Pomaderris_sieberiana,Pomaderris_sieberiana
Pomaria_austrotexana,Pomaria_austrotexana
Pomaria_brachycarpa,Pomaria_brachycarpa
Pomaria_burchellii,Pomaria_burchellii
Pomaria_burchellii_subsp_rubroviolacea,Pomaria_burchellii_subsp_rubroviolacea
Pomaria_canescens,Pomaria_canescens
Pomaria_glandulosa,Pomaria_glandulosa
Pomaria_jamesii,Pomaria_jamesii
Pomaria_lactea,Pomaria_lactea
Pomaria_melanosticta,Pomaria_melanosticta
Pomaria_multijuga,Pomaria_multijuga
Pomaria_pilosa,Pomaria_pilosa
Pomaria_rubicunda,Pomaria_rubicunda
Pomaria_sandersonii,Pomaria_sandersonii
Pomaria_stipularis,Pomaria_stipularis
Pomaria_wootonii,Pomaria_wootonii
Porteranthus_trifoliatus,Porteranthus_trifoliatus
Potaninia_mongolica,Potaninia_mongolica
Potentilla_algida,Potentilla_algida
Potentilla_anatolica,Potentilla_anatolica
Potentilla_anemonifolia,Potentilla_anemonifolia
Potentilla_aperta,Potentilla_aperta
Potentilla_brachypetala,Potentilla_brachypetala
Potentilla_brevifolia,Potentilla_brevifolia
Potentilla_caliginosa,Potentilla_caliginosa
Potentilla_camillae,Potentilla_camillae
Potentilla_caucasica,Potentilla_caucasica
Potentilla_crebridens,Potentilla_crebridens
Potentilla_divina,Potentilla_divina
Potentilla_elatior,Potentilla_elatior
Potentilla_emarginata,Potentilla_emarginata
Potentilla_fedtschenkoana,Potentilla_fedtschenkoana
Potentilla_gordonii,Potentilla_gordonii
Potentilla_grammopetala,Potentilla_grammopetala
Potentilla_kryloviana,Potentilla_kryloviana
Potentilla_laciniosa,Potentilla_laciniosa
Potentilla_mandshurica,Potentilla_mandshurica
Potentilla_montenegrina,Potentilla_montenegrina
Potentilla_neumaniana,Potentilla_neumaniana
Potentilla_niponica,Potentilla_niponica
Potentilla_ornithopoda,Potentilla_ornithopoda
Potentilla_oweriniana,Potentilla_oweriniana
Potentilla_parryi,Potentilla_parryi
Potentilla_purpurea,Potentilla_purpurea
Potentilla_ruprechtii,Potentilla_ruprechtii
Potentilla_sanguinea,Potentilla_sanguinea
Potentilla_tetrandra,Potentilla_tetrandra
Potentilla_tollii,Potentilla_tollii
Potentilla_utahensis,Potentilla_utahensis
Potentilla_velutina,Potentilla_velutina
Potentilla_versicolor,Potentilla_versicolor
Pourouma_essequiboensis,Pourouma_essequiboensis
Pourouma_maroniensis,Pourouma_maroniensis
Pourouma_scobina,Pourouma_scobina
Pourouma_tomentosa_subsp_apiculata,Pourouma_tomentosa_subsp_apiculata
Pourouma_tomentosa_subsp_persecta,Pourouma_tomentosa_subsp_persecta
Pouzolzia_argenteonitida,Pouzolzia_argenteonitida
Prainea_limpato,Prainea_limpato
Prainea_limpato_subsp_papuana,Prainea_limpato_subsp_papuana
Priestleya_hirsuta,Priestleya_hirsuta
Prioria_platycarpa,Prioria_platycarpa
Procris_boninensis,Procris_boninensis
Procris_goepeliana,Procris_goepeliana
Procris_laevigata,Procris_laevigata
Procris_montana,Procris_montana
Prosopidastrum_angusticarpum,Prosopidastrum_angusticarpum
Prosopidastrum_globosum,Prosopidastrum_globosum
Prosopidastrum_mexicanum,Prosopidastrum_mexicanum
Prunus_andersonii,Prunus_andersonii
Prunus_australis,Prunus_australis
Prunus_carduchorum,Prunus_carduchorum
Prunus_carmesina,Prunus_carmesina
Prunus_choreiana,Prunus_choreiana
Prunus_consociiflora,Prunus_consociiflora
Prunus_crataegifolia,Prunus_crataegifolia
Prunus_domestica,Prunus_domestica
Prunus_erythrocarpa,Prunus_erythrocarpa
Prunus_ferganensis,Prunus_ferganensis
Prunus_ferganica,Prunus_ferganica
Prunus_glauca,Prunus_glauca
Prunus_hallasanensis,Prunus_hallasanensis
Prunus_himalaica,Prunus_himalaica
Prunus_kanzakura,Prunus_kanzakura
Prunus_ledebouriana,Prunus_ledebouriana
Prunus_longistyla,Prunus_longistyla
Prunus_orientalis,Prunus_orientalis
Prunus_orthosepala,Prunus_orthosepala
Prunus_pojarkovii,Prunus_pojarkovii
Prunus_ramburei,Prunus_ramburei
Prunus_reverchonii,Prunus_reverchonii
Prunus_scopulorum,Prunus_scopulorum
Prunus_tianshanica,Prunus_tianshanica
Prunus_ulmifolia,Prunus_ulmifolia
Prunus_vaniotii,Prunus_vaniotii
Pseudarthria_panii,Pseudarthria_panii
Pseudoprosopis_euryphylla,Pseudoprosopis_euryphylla
Pseudoprosopis_fischeri,Pseudoprosopis_fischeri
Pseudoprosopis_gilletii,Pseudoprosopis_gilletii
Pseudosenegalia_feddeana,Pseudosenegalia_feddeana
Pseudosenegalia_riograndensis,Pseudosenegalia_riograndensis
Pseudosindora_palustris,Pseudosindora_palustris
Psophocarpus_obovalis,Psophocarpus_obovalis
Psoralea_adscendens,Psoralea_adscendens
Psoralea_congesta,Psoralea_congesta
Pterocarpus_amphymenium,Pterocarpus_amphymenium
Pterocarpus_mildbraedii_subsp_mildbraedii,Pterocarpus_mildbraedii_subsp_mildbraedii
Pterocarpus_officinalis_subsp_officinalis,Pterocarpus_officinalis_subsp_officinalis
Pterocarpus_rotundifolius_subsp_polyanthus,Pterocarpus_rotundifolius_subsp_polyanthus
Pterocarpus_rotundifolius_subsp_rotundifolius,Pterocarpus_rotundifolius_subsp_rotundifolius
Pterocarpus_steinbachianus,Pterocarpus_steinbachianus
Ptychosema_pusillum,Ptychosema_pusillum
Pultenaea_calycina_subsp_calycina,Pultenaea_calycina_subsp_calycina
Pultenaea_calycina_subsp_proxena,Pultenaea_calycina_subsp_proxena
Pultenaea_indira_subsp_monstrosita,Pultenaea_indira_subsp_monstrosita
Pultenaea_quaerita,Pultenaea_quaerita
Pygeum_dolichobotrys,Pygeum_dolichobotrys
Pygeum_macrocarpum,Pygeum_macrocarpum
Pygeum_maingayi,Pygeum_maingayi
Pygeum_oblongum,Pygeum_oblongum
Pygeum_topengii,Pygeum_topengii
Pyrus_chosrovica,Pyrus_chosrovica
Pyrus_communis_subsp_caucasica,Pyrus_communis_subsp_caucasica
Pyrus_cossonii,Pyrus_cossonii
Pyrus_elaeagrifolia,Pyrus_elaeagrifolia
Pyrus_elata,Pyrus_elata
Pyrus_hondoensis,Pyrus_hondoensis
Pyrus_koehnei,Pyrus_koehnei
Pyrus_lindleyi,Pyrus_lindleyi
Pyrus_magyarica,Pyrus_magyarica
Pyrus_megrica,Pyrus_megrica
Pyrus_tamamschianae,Pyrus_tamamschianae
Quercus_auricoma,Quercus_auricoma
Quercus_austroglauca,Quercus_austroglauca
Quercus_blaoensis,Quercus_blaoensis
Quercus_brandegeii,Quercus_brandegeii
Quercus_broteroi,Quercus_broteroi
Quercus_cambodiensis,Quercus_cambodiensis
Quercus_camusae,Quercus_camusae
Quercus_fleuryi,Quercus_fleuryi
Quercus_floccosa,Quercus_floccosa
Quercus_glabrescens,Quercus_glabrescens
Quercus_guajavifolia,Quercus_guajavifolia
Quercus_imeretina,Quercus_imeretina
Quercus_lanceolata,Quercus_lanceolata
Quercus_liaoi,Quercus_liaoi
Quercus_malacotricha,Quercus_malacotricha
Quercus_meihuashanensis,Quercus_meihuashanensis
Quercus_multinervis,Quercus_multinervis
Quercus_neopalmeri,Quercus_neopalmeri
Quercus_patelliformis,Quercus_patelliformis
Quercus_polycarpa,Quercus_polycarpa
Quercus_rhysophylla,Quercus_rhysophylla
Quercus_rivasmartinezii,Quercus_rivasmartinezii
Quercus_schenkiana,Quercus_schenkiana
Quercus_thomsoniana,Quercus_thomsoniana
Quercus_tsinglingensis,Quercus_tsinglingensis
Quercus_virgiliana,Quercus_virgiliana
Quercus_vulcanica,Quercus_vulcanica
Quercus_yiwuensis,Quercus_yiwuensis
Quercus_yunnanensis,Quercus_yunnanensis
Racosperma_acradenia,Racosperma_acradenia
Rafnia_affinis,Rafnia_affinis
Rafnia_angulata_subsp_thunbergii,Rafnia_angulata_subsp_thunbergii
Rafnia_racemosa_subsp_racemosa,Rafnia_racemosa_subsp_racemosa
Rhamnus_costata,Rhamnus_costata
Rhamnus_heldreichii,Rhamnus_heldreichii
Rhamnus_hirtella,Rhamnus_hirtella
Rhamnus_imeretina,Rhamnus_imeretina
Rhamnus_iranica,Rhamnus_iranica
Rhamnus_kanagusukii,Rhamnus_kanagusukii
Rhamnus_kurdica,Rhamnus_kurdica
Rhamnus_libanotica,Rhamnus_libanotica
Rhamnus_microcarpa,Rhamnus_microcarpa
Rhamnus_pendula,Rhamnus_pendula
Rhamnus_punctata,Rhamnus_punctata
Rhamnus_purpurea,Rhamnus_purpurea
Rhamnus_serpyllifolia,Rhamnus_serpyllifolia
Rhamnus_tinctoria,Rhamnus_tinctoria
Rhaphiolepis_delacourii,Rhaphiolepis_delacourii
Rhinotropis_acanthoclada,Rhinotropis_acanthoclada
Rhinotropis_rusbyi,Rhinotropis_rusbyi
Rhynchosia_beddomei,Rhynchosia_beddomei
Rhynchosia_malacophylla,Rhynchosia_malacophylla
Rosa_blinovskyana,Rosa_blinovskyana
Rosa_brownii,Rosa_brownii
Rosa_brunonii,Rosa_brunonii
Rosa_buschiana,Rosa_buschiana
Rosa_centifolia,Rosa_centifolia
Rosa_diplodonta,Rosa_diplodonta
Rosa_hemsleyana,Rosa_hemsleyana
Rosa_jacutica,Rosa_jacutica
Rosa_maeotica,Rosa_maeotica
Rosa_marretii,Rosa_marretii
Rosa_mohavensis,Rosa_mohavensis
Rosa_moschata,Rosa_moschata
Rosa_silverhjelmii,Rosa_silverhjelmii
Rosa_tunquinensis,Rosa_tunquinensis
Rosa_uncinella,Rosa_uncinella
Rosa_uniflorella,Rosa_uniflorella
Rosa_vosagiaca,Rosa_vosagiaca
Rubus_alaskensis,Rubus_alaskensis
Rubus_anglocandicans,Rubus_anglocandicans
Rubus_arcuans,Rubus_arcuans
Rubus_armeniacus,Rubus_armeniacus
Rubus_bohemiicola,Rubus_bohemiicola
Rubus_calophyllus,Rubus_calophyllus
Rubus_caucasicus,Rubus_caucasicus
Rubus_collinus,Rubus_collinus
Rubus_concameratus,Rubus_concameratus
Rubus_fabrimontanus,Rubus_fabrimontanus
Rubus_gizellae,Rubus_gizellae
Rubus_grimesii,Rubus_grimesii
Rubus_gyamdaensis,Rubus_gyamdaensis
Rubus_hawaiensis,Rubus_hawaiensis
Rubus_hebecarpus,Rubus_hebecarpus
Rubus_hirsutus,Rubus_hirsutus
Rubus_holosericeus,Rubus_holosericeus
Rubus_hystrix,Rubus_hystrix
Rubus_indotibetanus,Rubus_indotibetanus
Rubus_jianensis,Rubus_jianensis
Rubus_linkianus,Rubus_linkianus
Rubus_moestus,Rubus_moestus
Rubus_montensis,Rubus_montensis
Rubus_moschus,Rubus_moschus
Rubus_nepalensis,Rubus_nepalensis
Rubus_nyalamensis,Rubus_nyalamensis
Rubus_paganus,Rubus_paganus
Rubus_palaefolius,Rubus_palaefolius
Rubus_persicinus,Rubus_persicinus
Rubus_phengodes,Rubus_phengodes
Rubus_pilulifer,Rubus_pilulifer
Rubus_pinfaensis,Rubus_pinfaensis
Rubus_platyphyllus,Rubus_platyphyllus
Rubus_platysepalus,Rubus_platysepalus
Rubus_probus,Rubus_probus
Rubus_radula,Rubus_radula
Rubus_reticulatus,Rubus_reticulatus
Rubus_rhamnifolius,Rubus_rhamnifolius
Rubus_riograndis,Rubus_riograndis
Rubus_sachalinensis,Rubus_sachalinensis
Rubus_salwinensis,Rubus_salwinensis
Rubus_schizostylus,Rubus_schizostylus
Rubus_sikkimensis,Rubus_sikkimensis
Rubus_spectabilis,Rubus_spectabilis
Rubus_takesimensis,Rubus_takesimensis
Rubus_transvaliensis,Rubus_transvaliensis
Rubus_veraecrucis,Rubus_veraecrucis
Rubus_vratnensis,Rubus_vratnensis
Rytidostylis_carthagenensis,Rytidostylis_carthagenensis
Sageretia_camelliifolia,Sageretia_camelliifolia
Sageretia_hayatae,Sageretia_hayatae
Sageretia_liuzhouensis,Sageretia_liuzhouensis
Salweenia_wardii,Salweenia_wardii
Scutia_capensis,Scutia_capensis
Scutia_eberhardtii,Scutia_eberhardtii
Sechiopsis_laciniata,Sechiopsis_laciniata
Senegalia_lenticularis,Senegalia_lenticularis
Senegalia_mellifera_subsp_detinens,Senegalia_mellifera_subsp_detinens
Senegalia_mellifera_subsp_mellifera,Senegalia_mellifera_subsp_mellifera
Senegalia_pennata_subsp_insuavis,Senegalia_pennata_subsp_insuavis
Senegalia_tonkinensis,Senegalia_tonkinensis
Senegalia_welwitschii_subsp_delagoensis,Senegalia_welwitschii_subsp_delagoensis
Senna_acuta,Senna_acuta
Senna_goniodes,Senna_goniodes
Sesbania_subalata,Sesbania_subalata
Sesbania_sudanica_subsp_occidentalis,Sesbania_sudanica_subsp_occidentalis
Sibbaldianthe_sericea,Sibbaldianthe_sericea
Sicyocaulis_pentagonus,Sicyocaulis_pentagonus
Sicyos_albus,Sicyos_albus
Sicyos_hillebrandii,Sicyos_hillebrandii
Sicyos_hispidus,Sicyos_hispidus
Sicyos_macrophyllus,Sicyos_macrophyllus
Sicyos_mawhai,Sicyos_mawhai
Sicyos_maximowiczii,Sicyos_maximowiczii
Sicyos_pachycarpus,Sicyos_pachycarpus
Sicyos_villosus,Sicyos_villosus
Sicyos_warmingii,Sicyos_warmingii
Siegfriedia_darwinioides,Siegfriedia_darwinioides
Sinobaijiania_taiwaniana,Sinobaijiania_taiwaniana
Sloetiopsis_usambarensis,Sloetiopsis_usambarensis
Soemmeringia_semperflorens,Soemmeringia_semperflorens
Solori_pseudoinvoluta,Solori_pseudoinvoluta
Sophora_lehmannii,Sophora_lehmannii
Sophora_longicarinata,Sophora_longicarinata
Sophora_macnabiana,Sophora_macnabiana
Sophora_moorcroftiana,Sophora_moorcroftiana
Sophora_raivavaeensis,Sophora_raivavaeensis
Sophora_toromiro,Sophora_toromiro
Sorbus_albovii,Sorbus_albovii
Sorbus_decipiens,Sorbus_decipiens
Sorbus_fedorovii,Sorbus_fedorovii
Sorbus_latifolia,Sorbus_latifolia
Sorbus_pannonica,Sorbus_pannonica
Sorbus_tauricola,Sorbus_tauricola
Sorbus_thomsonii,Sorbus_thomsonii
Sorocea_pileata,Sorocea_pileata
Sorocea_saxicola,Sorocea_saxicola
Sparattosyce_dioica,Sparattosyce_dioica
Sphaerophysa_kotschyana,Sphaerophysa_kotschyana
Spiraea_aquilegiifolia,Spiraea_aquilegiifolia
Spiraea_bumalda,Spiraea_bumalda
Spiraea_chartacea,Spiraea_chartacea
Spiraea_corymbosa,Spiraea_corymbosa
Spiraea_humilis,Spiraea_humilis
Spiraea_kweichowensis,Spiraea_kweichowensis
Spiraea_litwinowii,Spiraea_litwinowii
Spiraea_micropetala,Spiraea_micropetala
Spiraea_polonica,Spiraea_polonica
Spiraea_sericea,Spiraea_sericea
Spyridium_bifidum,Spyridium_bifidum
Spyridium_cordatum,Spyridium_cordatum
Spyridium_daltonii,Spyridium_daltonii
Spyridium_eriocephalum,Spyridium_eriocephalum
Spyridium_globulosum,Spyridium_globulosum
Spyridium_halmaturinum,Spyridium_halmaturinum
Spyridium_spathulatum,Spyridium_spathulatum
Spyridium_subochreatum,Spyridium_subochreatum
Spyridium_vexilliferum,Spyridium_vexilliferum
Spyridium_waterhousei,Spyridium_waterhousei
Stachyothyrsus_stapfiana,Stachyothyrsus_stapfiana
Stauracanthus_genistoides_subsp_genistoides,Stauracanthus_genistoides_subsp_genistoides
Stenanthemum_complicatum,Stenanthemum_complicatum
Stranvaesia_amphidoxa,Stranvaesia_amphidoxa
Stranvaesia_davidiana,Stranvaesia_davidiana
Stranvaesia_microphylla,Stranvaesia_microphylla
Stranvaesia_tomentosa,Stranvaesia_tomentosa
Streblus_pendulinus,Streblus_pendulinus
Streblus_sandwicensis,Streblus_sandwicensis
Streblus_tonkinensis,Streblus_tonkinensis
Streblus_zeylanicus,Streblus_zeylanicus
Stuhlmannia_moavi,Stuhlmannia_moavi
Stylosanthes_humilis,Stylosanthes_humilis
Sulla_pallida,Sulla_pallida
Sulla_Spinosissima,Sulla_Spinosissima
Swainsona_microphylla_subsp_glabrescens,Swainsona_microphylla_subsp_glabrescens
Sweetia_suffruticosa,Sweetia_suffruticosa
Sympetalandra_borneensis,Sympetalandra_borneensis
Sympetalandra_densiflora,Sympetalandra_densiflora
Sympetalandra_unijuga,Sympetalandra_unijuga
Tabaroa_caatingicola,Tabaroa_caatingicola
Tara_cacalaco,Tara_cacalaco
Tara_spinosa,Tara_spinosa
Tara_vesicaria,Tara_vesicaria
Tessmannia_neglecta,Tessmannia_neglecta
Tetraglochin_acanthocarpa,Tetraglochin_acanthocarpa
Tetraglochin_alata,Tetraglochin_alata
Tetraglochin_andina,Tetraglochin_andina
Tetraglochin_caespitosa,Tetraglochin_caespitosa
Tetraglochin_cristata,Tetraglochin_cristata
Tetraglochin_inermis,Tetraglochin_inermis
Tetrapterocarpon_geayi,Tetrapterocarpon_geayi
Tetrapterocarpon_septentrionalis,Tetrapterocarpon_septentrionalis
Thailentadopsis_nitida,Thailentadopsis_nitida
Thailentadopsis_tenuis,Thailentadopsis_tenuis
Thermopsis_dolichocarpa,Thermopsis_dolichocarpa
Thermopsis_przewalskii,Thermopsis_przewalskii
Thermopsis_schischkinii,Thermopsis_schischkinii
Thermopsis_yushuensis,Thermopsis_yushuensis
Tibetia_yadongensis,Tibetia_yadongensis
Torminalis_clusii,Torminalis_clusii
Trema_cubense,Trema_cubense
Trema_discolor,Trema_discolor
Trema_nitens,Trema_nitens
Trema_tomentosum,Trema_tomentosum
Trichosanthes_bracteata,Trichosanthes_bracteata
Trichosanthes_cavalerei,Trichosanthes_cavalerei
Trichosanthes_crenulata,Trichosanthes_crenulata
Trichosanthes_dafangensis,Trichosanthes_dafangensis
Trichosanthes_guizhouensis,Trichosanthes_guizhouensis
Trichosanthes_holtzei,Trichosanthes_holtzei
Trichosanthes_hupehensis,Trichosanthes_hupehensis
Trichosanthes_jinggangshanica,Trichosanthes_jinggangshanica
Trichosanthes_lepiniana,Trichosanthes_lepiniana
Trichosanthes_miyagii,Trichosanthes_miyagii
Trichosanthes_ovigera,Trichosanthes_ovigera
Trichosanthes_schizostroma,Trichosanthes_schizostroma
Trichosanthes_stylopodifera,Trichosanthes_stylopodifera
Trichosanthes_trifolia,Trichosanthes_trifolia
Trifidacanthus_unifoliolatus,Trifidacanthus_unifoliolatus
Trifolium_chilaloense,Trifolium_chilaloense
Trifolium_isodon,Trifolium_isodon
Trifolium_longipes_subsp_longipes,Trifolium_longipes_subsp_longipes
Trifolium_longipes_var_elmeri,Trifolium_longipes_var_elmeri
Trifolium_longipes_var_neurophyllum,Trifolium_longipes_var_neurophyllum
Trifolium_lucanicum,Trifolium_lucanicum
Trifolium_michelianum_var_balansae,Trifolium_michelianum_var_balansae
Trifolium_miegeanum,Trifolium_miegeanum
Trifolium_mutabile,Trifolium_mutabile
Trifolium_nigrescens_subsp_meneghinianum,Trifolium_nigrescens_subsp_meneghinianum
Trifolium_nigrescens_subsp_nigrescens,Trifolium_nigrescens_subsp_nigrescens
Trifolium_nigrescens_subsp_petrisavii,Trifolium_nigrescens_subsp_petrisavii
Trifolium_occidentale,Trifolium_occidentale
Trifolium_physanthum,Trifolium_physanthum
Trifolium_subterraneum_subsp_brachycalycinum,Trifolium_subterraneum_subsp_brachycalycinum
Trifolium_subterraneum_subsp_subterraneum,Trifolium_subterraneum_subsp_subterraneum
Trigonella_astroides,Trigonella_astroides
Trigonella_dasycarpa,Trigonella_dasycarpa
Trigonella_mesopotamica,Trigonella_mesopotamica
Trochomeria_weyleyana,Trochomeria_weyleyana
Trophis_phillipinensis,Trophis_phillipinensis
Trymalium_angustifolium,Trymalium_angustifolium
Trymalium_spathulatum,Trymalium_spathulatum
Tylosema_argentea,Tylosema_argentea
Ulex_argenteus_subsp_argenteus,Ulex_argenteus_subsp_argenteus
Ulex_argenteus_subsp_erinaceus,Ulex_argenteus_subsp_erinaceus
Ulex_argenteus_subsp_subsericeus,Ulex_argenteus_subsp_subsericeus
Ulex_baeticus_subsp_scaber,Ulex_baeticus_subsp_scaber
Ulex_breoganii,Ulex_breoganii
Ulex_canescens,Ulex_canescens
Ulex_europaeus_subsp_europaeus,Ulex_europaeus_subsp_europaeus
Ulex_europaeus_subsp_latebracteatus,Ulex_europaeus_subsp_latebracteatus
Ulex_parviflorus_subsp_eriocladus,Ulex_parviflorus_subsp_eriocladus
Ulex_parviflorus_subsp_funkii,Ulex_parviflorus_subsp_funkii
Ulex_parviflorus_subsp_jussiaei,Ulex_parviflorus_subsp_jussiaei
Ulex_parviflorus_subsp_parviflorus,Ulex_parviflorus_subsp_parviflorus
Ulex_parviflorus_subsp_rivasgodayanus,Ulex_parviflorus_subsp_rivasgodayanus
Ulmus_elliptica,Ulmus_elliptica
Umtiza_listeriana,Umtiza_listeriana
Urera_corallina,Urera_corallina
Urera_sandwicensis,Urera_sandwicensis
Urera_woodii,Urera_woodii
Uribea_tamarindoides,Uribea_tamarindoides
Urtica_aquatica,Urtica_aquatica
Urtica_glomeruliflora,Urtica_glomeruliflora
Urtica_grandidentata,Urtica_grandidentata
Urtica_neubaueri,Urtica_neubaueri
Urtica_zayuensis,Urtica_zayuensis
Urticastrum_decumanum,Urticastrum_decumanum
Vachellia_anegadensis,Vachellia_anegadensis
Vachellia_barahonensis,Vachellia_barahonensis
Vachellia_cucuyo,Vachellia_cucuyo
Vachellia_hebeclada_subsp_chobiensis,Vachellia_hebeclada_subsp_chobiensis
Vachellia_hebeclada_subsp_tristis,Vachellia_hebeclada_subsp_tristis
Vachellia_malacocephala,Vachellia_malacocephala
Vachellia_nilotica_subsp_kraussiana,Vachellia_nilotica_subsp_kraussiana
Vachellia_oviedoensis,Vachellia_oviedoensis
Vachellia_pallidifolia,Vachellia_pallidifolia
Vachellia_robbertsei,Vachellia_robbertsei
Vachellia_robusta_subsp_clavigera,Vachellia_robusta_subsp_clavigera
Vachellia_schaffnerii,Vachellia_schaffnerii
Vaseyanthus_brandegeei,Vaseyanthus_brandegeei
Ventia_lanceolata,Ventia_lanceolata
Ventilago_kurzii,Ventilago_kurzii
Ventilago_madraspatana,Ventilago_madraspatana
Ventilago_viminalis,Ventilago_viminalis
Vicia_aintabensis,Vicia_aintabensis
Vicia_alpestris_subsp_hypoleuca,Vicia_alpestris_subsp_hypoleuca
Vicia_aucheri,Vicia_aucheri
Vicia_claessensii,Vicia_claessensii
Vicia_dalmatica,Vicia_dalmatica
Vicia_dennesiana,Vicia_dennesiana
Vicia_eriocarpa,Vicia_eriocarpa
Vicia_garinensis,Vicia_garinensis
Vicia_gregaria,Vicia_gregaria
Vicia_incisa,Vicia_incisa
Vicia_iranica,Vicia_iranica
Vicia_koeieana,Vicia_koeieana
Vicia_kurdica,Vicia_kurdica
Vicia_malosana,Vicia_malosana
Vicia_mollis,Vicia_mollis
Vicia_monardii,Vicia_monardii
Vicia_multijuga,Vicia_multijuga
Vicia_pectinata,Vicia_pectinata
Vicia_persica,Vicia_persica
Vicia_rechingeri,Vicia_rechingeri
Vicia_sativa_subsp_amphicarpa,Vicia_sativa_subsp_amphicarpa
Vicia_sativa_subsp_macrocarpa,Vicia_sativa_subsp_macrocarpa
Vicia_sativa_subsp_sativa,Vicia_sativa_subsp_sativa
Vicia_sessei,Vicia_sessei
Vicia_villosa_subsp_dasycarpa,Vicia_villosa_subsp_dasycarpa
Vicia_villosa_subsp_microphylla,Vicia_villosa_subsp_microphylla
Vigna_grandiflora,Vigna_grandiflora
Vigna_hirtella,Vigna_hirtella
Vigna_lobatifolia,Vigna_lobatifolia
Vigna_nepalensis,Vigna_nepalensis
Vigna_sahyadriana,Vigna_sahyadriana
Viguieranthus_ambongensis,Viguieranthus_ambongensis
Viguieranthus_cylindricostachys,Viguieranthus_cylindricostachys
Viguieranthus_densinervus,Viguieranthus_densinervus
Viguieranthus_glaber,Viguieranthus_glaber
Viguieranthus_glandulosus,Viguieranthus_glandulosus
Viguieranthus_kony,Viguieranthus_kony
Viguieranthus_subauriculatus,Viguieranthus_subauriculatus
Virgilia_oroboides_subsp_ferruginea,Virgilia_oroboides_subsp_ferruginea
Virgilia_oroboides_subsp_oroboides,Virgilia_oroboides_subsp_oroboides
Wajira_danissana,Wajira_danissana
Weberbauerella_brongniartioides,Weberbauerella_brongniartioides
Weberbauerella_raimondiana,Weberbauerella_raimondiana
Xanthophyllum_octandrum,Xanthophyllum_octandrum
Xanthophyllum_siamense,Xanthophyllum_siamense
Xerosicyos_pubescens,Xerosicyos_pubescens
Zapoteca_balsasensis,Zapoteca_balsasensis
Zapoteca_caracasana_subsp_caracasana,Zapoteca_caracasana_subsp_caracasana
Zapoteca_cruzii,Zapoteca_cruzii
Zapoteca_formosa_subsp_formosa,Zapoteca_formosa_subsp_formosa
Zapoteca_formosa_subsp_salvadorensis,Zapoteca_formosa_subsp_salvadorensis
Zapoteca_formosa_subsp_socorrensis,Zapoteca_formosa_subsp_socorrensis
Zapoteca_portoricensis_subsp_portoricensis,Zapoteca_portoricensis_subsp_portoricensis
Zapoteca_portoricensis_subsp_pubicarpa,Zapoteca_portoricensis_subsp_pubicarpa
Zehneria_neocaledonica,Zehneria_neocaledonica
Zehneria_scrobiculata,Zehneria_scrobiculata
Zehneria_tahitensis,Zehneria_tahitensis
Zehneria_tridactyla,Zehneria_tridactyla
Zhengyia_shennongensis,Zhengyia_shennongensis
Ziziphus_acidojujuba,Ziziphus_acidojujuba
Ziziphus_apetala,Ziziphus_apetala
Ziziphus_brunoniana,Ziziphus_brunoniana
Ziziphus_mauritiana,Ziziphus_mauritiana
Ziziphus_mucronata_subsp_rhodesica,Ziziphus_mucronata_subsp_rhodesica
Ziziphus_spinosa,Ziziphus_spinosa
Zornia_villosa,Zornia_villosa
Zuccagnia_punctata,Zuccagnia_punctata
Zygia_eperuetorum,Zygia_eperuetorum
Zygocarpum_rectangulare,Zygocarpum_rectangulare
Zygocarpum_somalense,Zygocarpum_somalense
Zygocarpum_yemenense,Zygocarpum_yemenense